<collection xmlns="http://exist.sourceforge.net/NS/exist" name="/db/apps/betterform/reference/images" version="1" owner="admin" group="dba" mode="775" created="2015-03-06T16:00:37.051+01:00">
    <acl entries="0" version="1"/>
    <resource type="BinaryResource" name="spriteCheckbox.gif" skip="no" owner="admin" group="dba" mode="775" created="2015-03-06T16:00:37.051+01:00" modified="2015-03-06T16:00:37.051+01:00" filename="spriteCheckbox.gif" mimetype="image/gif">
        <acl entries="0" version="1"/>
    </resource>
    <resource type="BinaryResource" name="arrow-green.png" skip="no" owner="admin" group="dba" mode="775" created="2015-03-06T16:00:37.052+01:00" modified="2015-03-06T16:00:37.052+01:00" filename="arrow-green.png" mimetype="image/png">
        <acl entries="0" version="1"/>
    </resource>
    <resource type="BinaryResource" name="w3c_home_nb.png" skip="no" owner="admin" group="dba" mode="775" created="2015-03-06T16:00:37.052+01:00" modified="2015-03-06T16:00:37.052+01:00" filename="w3c_home_nb.png" mimetype="image/png">
        <acl entries="0" version="1"/>
    </resource>
    <resource type="BinaryResource" name="external_link.png" skip="no" owner="admin" group="dba" mode="775" created="2015-03-06T16:00:37.052+01:00" modified="2015-03-06T16:00:37.052+01:00" filename="external_link.png" mimetype="image/png">
        <acl entries="0" version="1"/>
    </resource>
    <resource type="BinaryResource" name="bf_logo_67x27.png" skip="no" owner="admin" group="dba" mode="775" created="2015-03-06T16:00:37.053+01:00" modified="2015-03-06T16:00:37.053+01:00" filename="bf_logo_67x27.png" mimetype="image/png">
        <acl entries="0" version="1"/>
    </resource>
    <resource type="BinaryResource" name="readme.txt" skip="no" owner="admin" group="dba" mode="775" created="2015-03-06T16:00:37.053+01:00" modified="2015-03-06T16:00:37.053+01:00" filename="readme.txt" mimetype="text/plain">
        <acl entries="0" version="1"/>
    </resource>
    <resource type="BinaryResource" name="bf_logo_482x195.png" skip="no" owner="admin" group="dba" mode="775" created="2015-03-06T16:00:37.053+01:00" modified="2015-03-06T16:00:37.053+01:00" filename="bf_logo_482x195.png" mimetype="image/png">
        <acl entries="0" version="1"/>
    </resource>
</collection>