<?xml version="1.0" encoding="UTF-8"?>
<repo:meta xmlns="http://exist-db.org/xquery/repo" xmlns:repo="http://exist-db.org/xquery/repo"><repo:description>eXist 2.0 documentation application.</repo:description><repo:author>Joe Wicentowski</repo:author><repo:author>Wolfgang Meier</repo:author><repo:website/><repo:status>alpha</repo:status><repo:license>GNU-LGPL</repo:license><repo:copyright>true</repo:copyright><repo:type>application</repo:type><repo:target>doc</repo:target><repo:prepare>pre-install.xql</repo:prepare><repo:finish/><permissions user="admin" group="dba" mode="rw-rw-r--"/><deployed>2015-03-06T16:00:51.267+01:00</deployed></repo:meta>