<collection xmlns="http://exist.sourceforge.net/NS/exist" name="/db/apps/ediarum/routinen" version="1" owner="admin" group="dba" mode="755" created="2015-03-18T17:18:56.153+01:00">
    <acl entries="0" version="1"/>
    <resource type="BinaryResource" name="registerTrigger.xql" skip="no" owner="admin" group="dba" mode="644" created="2015-05-19T12:13:55.007+02:00" modified="2019-09-29T23:12:06.216+02:00" filename="registerTrigger.xql" mimetype="application/xquery">
        <acl entries="0" version="1"/>
    </resource>
    <resource type="BinaryResource" name="validation.xql" skip="no" owner="admin" group="dba" mode="644" created="2015-03-23T11:14:21.549+01:00" modified="2015-06-08T12:31:46.952+02:00" filename="validation.xql" mimetype="application/xquery">
        <acl entries="0" version="1"/>
    </resource>
    <resource type="BinaryResource" name="entityTest.xql" skip="no" owner="admin" group="dba" mode="755" created="2015-05-13T18:23:25.737+02:00" modified="2015-08-06T14:35:06.531+02:00" filename="entityTest.xql" mimetype="application/xquery">
        <acl entries="0" version="1"/>
    </resource>
    <resource type="XMLResource" name="werkregisterTransform.xsl" skip="no" owner="admin" group="dba" mode="644" created="2015-07-01T18:55:06.084+02:00" modified="2015-07-01T18:58:32.241+02:00" filename="werkregisterTransform.xsl" mimetype="application/xslt+xml">
        <acl entries="0" version="1"/>
    </resource>
    <resource type="XMLResource" name="rngTransform.xsl" skip="no" owner="admin" group="dba" mode="644" created="2015-03-23T11:13:44.713+01:00" modified="2015-03-23T11:13:44.713+01:00" filename="rngTransform.xsl" mimetype="application/xml">
        <acl entries="0" version="1"/>
    </resource>
    <resource type="BinaryResource" name="versionRngTrigger.xql" skip="no" owner="admin" group="dba" mode="755" created="2015-03-23T11:14:21.689+01:00" modified="2015-08-06T14:46:41.802+02:00" filename="versionRngTrigger.xql" mimetype="application/xquery">
        <acl entries="0" version="1"/>
    </resource>
    <resource type="BinaryResource" name="permissions.xql" skip="no" owner="admin" group="dba" mode="755" created="2015-03-18T17:18:56.162+01:00" modified="2015-08-20T14:44:31.239+02:00" filename="permissions.xql" mimetype="application/xquery">
        <acl entries="0" version="1"/>
    </resource>
    <resource type="XMLResource" name="ortsregisterTransform.xsl" skip="no" owner="admin" group="dba" mode="644" created="2015-07-01T19:00:05.249+02:00" modified="2015-07-10T11:23:15.301+02:00" filename="ortsregisterTransform.xsl" mimetype="application/xslt+xml">
        <acl entries="0" version="1"/>
    </resource>
    <resource type="BinaryResource" name="test.xql" skip="no" owner="admin" group="dba" mode="755" created="2015-03-18T17:18:56.16+01:00" modified="2015-03-18T17:18:56.16+01:00" filename="test.xql" mimetype="application/xquery">
        <acl entries="0" version="1"/>
    </resource>
    <resource type="BinaryResource" name="validateTrigger.xql" skip="no" owner="admin" group="dba" mode="644" created="2015-03-23T11:14:21.444+01:00" modified="2015-03-23T11:14:21.444+01:00" filename="validateTrigger.xql" mimetype="application/xquery">
        <acl entries="0" version="1"/>
    </resource>
    <resource type="BinaryResource" name="registerTrigger_bak.xql" skip="no" owner="admin" group="dba" mode="755" created="2015-03-18T17:18:56.163+01:00" modified="2015-03-18T17:18:56.163+01:00" filename="registerTrigger_bak.xql" mimetype="application/xquery">
        <acl entries="0" version="1"/>
    </resource>
    <resource type="XMLResource" name="personenregisterTransform.xsl" skip="no" owner="admin" group="dba" mode="644" created="2015-05-19T11:43:31.794+02:00" modified="2015-07-01T18:19:10.435+02:00" filename="personenregisterTransform.xsl" mimetype="application/xslt+xml">
        <acl entries="0" version="1"/>
    </resource>
</collection>