<collection xmlns="http://exist.sourceforge.net/NS/exist" name="/db/apps/eXide" version="1" owner="eXide" group="eXide" mode="775" created="2015-03-06T16:00:51.751+01:00">
    <acl entries="0" version="1"/>
    <resource type="BinaryResource" name="LICENSE.txt" skip="no" owner="eXide" group="eXide" mode="664" created="2015-03-06T16:00:51.751+01:00" modified="2015-03-06T16:00:51.751+01:00" filename="LICENSE.txt" mimetype="text/plain">
        <acl entries="0" version="1"/>
    </resource>
    <resource type="BinaryResource" name="Readme.md" skip="no" owner="eXide" group="eXide" mode="664" created="2015-03-06T16:00:51.751+01:00" modified="2015-03-06T16:00:51.751+01:00" filename="Readme.md" mimetype="text/x-markdown">
        <acl entries="0" version="1"/>
    </resource>
    <resource type="XMLResource" name="configuration.xml" skip="no" owner="eXide" group="eXide" mode="664" created="2015-03-06T16:00:51.752+01:00" modified="2015-03-06T16:00:51.752+01:00" filename="configuration.xml" mimetype="application/xml">
        <acl entries="0" version="1"/>
    </resource>
    <resource type="XMLResource" name="index.html" skip="no" owner="eXide" group="eXide" mode="664" created="2015-03-06T16:00:51.752+01:00" modified="2015-03-06T16:00:51.752+01:00" filename="index.html" mimetype="text/html">
        <acl entries="0" version="1"/>
    </resource>
    <resource type="BinaryResource" name="controller.xql" skip="no" owner="eXide" group="eXide" mode="775" created="2015-03-06T16:00:51.773+01:00" modified="2015-03-06T16:00:51.773+01:00" filename="controller.xql" mimetype="application/xquery">
        <acl entries="0" version="1"/>
    </resource>
    <resource type="XMLResource" name="expath-pkg.xml" skip="no" owner="eXide" group="eXide" mode="664" created="2015-03-06T16:00:51.774+01:00" modified="2015-03-06T16:00:51.774+01:00" filename="expath-pkg.xml" mimetype="application/xml">
        <acl entries="0" version="1"/>
    </resource>
    <resource type="BinaryResource" name="icon.png" skip="no" owner="eXide" group="eXide" mode="664" created="2015-03-06T16:00:51.775+01:00" modified="2015-03-06T16:00:51.775+01:00" filename="icon.png" mimetype="image/png">
        <acl entries="0" version="1"/>
    </resource>
    <resource type="BinaryResource" name="keybindings.js" skip="no" owner="eXide" group="eXide" mode="664" created="2015-03-06T16:00:51.775+01:00" modified="2015-03-06T16:00:51.775+01:00" filename="keybindings.js" mimetype="application/x-javascript">
        <acl entries="0" version="1"/>
    </resource>
    <resource type="BinaryResource" name="build.js" skip="no" owner="eXide" group="eXide" mode="664" created="2015-03-06T16:00:51.775+01:00" modified="2015-03-06T16:00:51.775+01:00" filename="build.js" mimetype="application/x-javascript">
        <acl entries="0" version="1"/>
    </resource>
    <resource type="BinaryResource" name="pre-install.xql" skip="no" owner="eXide" group="eXide" mode="775" created="2015-03-06T16:00:51.775+01:00" modified="2015-03-06T16:00:51.775+01:00" filename="pre-install.xql" mimetype="application/xquery">
        <acl entries="0" version="1"/>
    </resource>
    <resource type="XMLResource" name="help.html" skip="no" owner="eXide" group="eXide" mode="664" created="2015-03-06T16:00:51.783+01:00" modified="2015-03-06T16:00:51.783+01:00" filename="help.html" mimetype="text/html">
        <acl entries="0" version="1"/>
    </resource>
    <resource type="XMLResource" name="collection.xconf" skip="no" owner="eXide" group="eXide" mode="664" created="2015-03-06T16:00:51.784+01:00" modified="2015-03-06T16:00:51.784+01:00" filename="collection.xconf" mimetype="application/xml">
        <acl entries="0" version="1"/>
    </resource>
    <resource type="XMLResource" name="build.xml" skip="no" owner="eXide" group="eXide" mode="664" created="2015-03-06T16:00:51.784+01:00" modified="2015-03-06T16:00:51.784+01:00" filename="build.xml" mimetype="application/xml">
        <acl entries="0" version="1"/>
    </resource>
    <resource type="XMLResource" name="repo.xml" skip="no" owner="eXide" group="eXide" mode="664" created="2015-03-06T16:00:51.984+01:00" modified="2015-03-06T16:00:51.984+01:00" filename="repo.xml" mimetype="application/xml">
        <acl entries="0" version="1"/>
    </resource>
    <subcollection name="docs" filename="docs"/>
    <subcollection name="templates" filename="templates"/>
    <subcollection name="modules" filename="modules"/>
    <subcollection name="resources" filename="resources"/>
    <subcollection name="src" filename="src"/>
</collection>