<collection xmlns="http://exist.sourceforge.net/NS/exist" name="/db/apps/doc/data" version="1" owner="admin" group="dba" mode="775" created="2015-03-06T16:00:47.626+01:00">
    <acl entries="0" version="1"/>
    <resource type="XMLResource" name="xacml-usage.xml" skip="no" owner="admin" group="dba" mode="664" created="2015-03-06T16:00:49.326+01:00" modified="2015-03-06T16:00:49.326+01:00" filename="xacml-usage.xml" mimetype="application/xml">
        <acl entries="0" version="1"/>
    </resource>
    <resource type="XMLResource" name="xmlprague06.xml" skip="no" owner="admin" group="dba" mode="664" created="2015-03-06T16:00:49.335+01:00" modified="2015-03-06T16:00:49.335+01:00" filename="xmlprague06.xml" mimetype="application/xml">
        <acl entries="0" version="1"/>
    </resource>
    <resource type="XMLResource" name="development-starter.xml" skip="no" owner="admin" group="dba" mode="664" created="2015-03-06T16:00:49.365+01:00" modified="2015-03-06T16:00:49.365+01:00" filename="development-starter.xml" mimetype="application/xml">
        <acl entries="0" version="1"/>
    </resource>
    <resource type="XMLResource" name="xinclude.xml" skip="no" owner="admin" group="dba" mode="664" created="2015-03-06T16:00:49.391+01:00" modified="2015-03-06T16:00:49.391+01:00" filename="xinclude.xml" mimetype="application/xml">
        <acl entries="0" version="1"/>
    </resource>
    <resource type="XMLResource" name="config-context.xml" skip="no" owner="admin" group="dba" mode="664" created="2015-03-06T16:00:49.423+01:00" modified="2015-03-06T16:00:49.423+01:00" filename="config-context.xml" mimetype="application/xml">
        <acl entries="0" version="1"/>
    </resource>
    <resource type="XMLResource" name="security.xml" skip="no" owner="admin" group="dba" mode="664" created="2015-03-06T16:00:49.427+01:00" modified="2015-03-06T16:00:49.427+01:00" filename="security.xml" mimetype="application/xml">
        <acl entries="0" version="1"/>
    </resource>
    <resource type="XMLResource" name="documentation.xml" skip="no" owner="admin" group="dba" mode="664" created="2015-03-06T16:00:49.477+01:00" modified="2015-03-06T16:00:49.477+01:00" filename="documentation.xml" mimetype="application/xml">
        <acl entries="0" version="1"/>
    </resource>
    <resource type="XMLResource" name="kwic.xml" skip="no" owner="admin" group="dba" mode="664" created="2015-03-06T16:00:49.502+01:00" modified="2015-03-06T16:00:49.502+01:00" filename="kwic.xml" mimetype="application/xml">
        <acl entries="0" version="1"/>
    </resource>
    <resource type="XMLResource" name="devguide_soap.xml" skip="no" owner="admin" group="dba" mode="664" created="2015-03-06T16:00:49.516+01:00" modified="2015-03-06T16:00:49.516+01:00" filename="devguide_soap.xml" mimetype="application/xml">
        <acl entries="0" version="1"/>
    </resource>
    <resource type="XMLResource" name="ngram.xml" skip="no" owner="admin" group="dba" mode="664" created="2015-03-06T16:00:49.524+01:00" modified="2015-03-06T16:00:49.524+01:00" filename="ngram.xml" mimetype="application/xml">
        <acl entries="0" version="1"/>
    </resource>
    <resource type="XMLResource" name="scheduler.xml" skip="no" owner="admin" group="dba" mode="664" created="2015-03-06T16:00:49.53+01:00" modified="2015-03-06T16:00:49.53+01:00" filename="scheduler.xml" mimetype="application/xml">
        <acl entries="0" version="1"/>
    </resource>
    <resource type="XMLResource" name="credits.xml" skip="no" owner="admin" group="dba" mode="664" created="2015-03-06T16:00:49.564+01:00" modified="2015-03-06T16:00:49.564+01:00" filename="credits.xml" mimetype="application/xml">
        <acl entries="0" version="1"/>
    </resource>
    <resource type="XMLResource" name="facts.xml" skip="no" owner="admin" group="dba" mode="664" created="2015-03-06T16:00:49.578+01:00" modified="2015-03-06T16:00:49.578+01:00" filename="facts.xml" mimetype="application/xml">
        <acl entries="0" version="1"/>
    </resource>
    <resource type="XMLResource" name="xquery.xml" skip="no" owner="admin" group="dba" mode="664" created="2015-03-06T16:00:49.588+01:00" modified="2015-03-06T16:00:49.588+01:00" filename="xquery.xml" mimetype="application/xml">
        <acl entries="0" version="1"/>
    </resource>
    <resource type="XMLResource" name="triggers.xml" skip="no" owner="admin" group="dba" mode="664" created="2015-03-06T16:00:49.665+01:00" modified="2015-03-06T16:00:49.665+01:00" filename="triggers.xml" mimetype="application/xml">
        <acl entries="0" version="1"/>
    </resource>
    <resource type="XMLResource" name="building.xml" skip="no" owner="admin" group="dba" mode="664" created="2015-03-06T16:00:49.699+01:00" modified="2015-03-06T16:00:49.699+01:00" filename="building.xml" mimetype="application/xml">
        <acl entries="0" version="1"/>
    </resource>
    <resource type="XMLResource" name="urlrewrite.xml" skip="no" owner="admin" group="dba" mode="664" created="2015-03-06T16:00:49.722+01:00" modified="2015-03-06T16:00:49.722+01:00" filename="urlrewrite.xml" mimetype="application/xml">
        <acl entries="0" version="1"/>
    </resource>
    <resource type="XMLResource" name="disclaimer-short.xml" skip="no" owner="admin" group="dba" mode="664" created="2015-03-06T16:00:49.765+01:00" modified="2015-03-06T16:00:49.765+01:00" filename="disclaimer-short.xml" mimetype="application/xml">
        <acl entries="0" version="1"/>
    </resource>
    <resource type="XMLResource" name="contentextraction.xml" skip="no" owner="admin" group="dba" mode="664" created="2015-03-06T16:00:49.766+01:00" modified="2015-03-06T16:00:49.766+01:00" filename="contentextraction.xml" mimetype="application/xml">
        <acl entries="0" version="1"/>
    </resource>
    <resource type="XMLResource" name="troubleshooting.xml" skip="no" owner="admin" group="dba" mode="664" created="2015-03-06T16:00:49.775+01:00" modified="2015-03-06T16:00:49.775+01:00" filename="troubleshooting.xml" mimetype="application/xml">
        <acl entries="0" version="1"/>
    </resource>
    <resource type="XMLResource" name="devguide_log4j.xml" skip="no" owner="admin" group="dba" mode="664" created="2015-03-06T16:00:49.796+01:00" modified="2015-03-06T16:00:49.796+01:00" filename="devguide_log4j.xml" mimetype="application/xml">
        <acl entries="0" version="1"/>
    </resource>
    <resource type="XMLResource" name="config-example.xml" skip="no" owner="admin" group="dba" mode="664" created="2015-03-06T16:00:49.841+01:00" modified="2015-03-06T16:00:49.841+01:00" filename="config-example.xml" mimetype="application/xml">
        <acl entries="0" version="1"/>
    </resource>
    <resource type="XMLResource" name="xmldb.xml" skip="no" owner="admin" group="dba" mode="664" created="2015-03-06T16:00:49.849+01:00" modified="2015-03-06T16:00:49.849+01:00" filename="xmldb.xml" mimetype="application/xml">
        <acl entries="0" version="1"/>
    </resource>
    <resource type="XMLResource" name="oldrangeindex.xml" skip="no" owner="admin" group="dba" mode="664" created="2015-03-06T16:00:49.859+01:00" modified="2015-03-06T16:00:49.859+01:00" filename="oldrangeindex.xml" mimetype="application/xml">
        <acl entries="0" version="1"/>
    </resource>
    <resource type="XMLResource" name="oxygen.xml" skip="no" owner="admin" group="dba" mode="664" created="2015-03-06T16:00:49.876+01:00" modified="2015-03-06T16:00:49.876+01:00" filename="oxygen.xml" mimetype="application/xml">
        <acl entries="0" version="1"/>
    </resource>
    <resource type="XMLResource" name="config-cache.xml" skip="no" owner="admin" group="dba" mode="664" created="2015-03-06T16:00:49.886+01:00" modified="2015-03-06T16:00:49.886+01:00" filename="config-cache.xml" mimetype="application/xml">
        <acl entries="0" version="1"/>
    </resource>
    <resource type="XMLResource" name="devguide_manifesto.xml" skip="no" owner="admin" group="dba" mode="664" created="2015-03-06T16:00:49.901+01:00" modified="2015-03-06T16:00:49.901+01:00" filename="devguide_manifesto.xml" mimetype="application/xml">
        <acl entries="0" version="1"/>
    </resource>
    <resource type="XMLResource" name="getting-help.xml" skip="no" owner="admin" group="dba" mode="664" created="2015-03-06T16:00:49.91+01:00" modified="2015-03-06T16:00:49.91+01:00" filename="getting-help.xml" mimetype="application/xml">
        <acl entries="0" version="1"/>
    </resource>
    <resource type="XMLResource" name="debugger.xml" skip="no" owner="admin" group="dba" mode="664" created="2015-03-06T16:00:49.92+01:00" modified="2015-03-06T16:00:49.92+01:00" filename="debugger.xml" mimetype="application/xml">
        <acl entries="0" version="1"/>
    </resource>
    <resource type="XMLResource" name="lucene.xml" skip="no" owner="admin" group="dba" mode="664" created="2015-03-06T16:00:49.928+01:00" modified="2015-03-06T16:00:49.928+01:00" filename="lucene.xml" mimetype="application/xml">
        <acl entries="0" version="1"/>
    </resource>
    <resource type="BinaryResource" name="testvars.xq" skip="no" owner="admin" group="dba" mode="775" created="2015-03-06T16:00:49.979+01:00" modified="2015-03-06T16:00:49.979+01:00" filename="testvars.xq" mimetype="application/xquery">
        <acl entries="0" version="1"/>
    </resource>
    <resource type="XMLResource" name="uploading-files.xml" skip="no" owner="admin" group="dba" mode="664" created="2015-03-06T16:00:49.98+01:00" modified="2015-03-06T16:00:49.98+01:00" filename="uploading-files.xml" mimetype="application/xml">
        <acl entries="0" version="1"/>
    </resource>
    <resource type="XMLResource" name="util.xml" skip="no" owner="admin" group="dba" mode="664" created="2015-03-06T16:00:49.993+01:00" modified="2015-03-06T16:00:49.993+01:00" filename="util.xml" mimetype="application/xml">
        <acl entries="0" version="1"/>
    </resource>
    <resource type="BinaryResource" name="display-collection.xq" skip="no" owner="admin" group="dba" mode="775" created="2015-03-06T16:00:49.996+01:00" modified="2015-03-06T16:00:49.996+01:00" filename="display-collection.xq" mimetype="application/xquery">
        <acl entries="0" version="1"/>
    </resource>
    <resource type="XMLResource" name="repo.xml" skip="no" owner="admin" group="dba" mode="664" created="2015-03-06T16:00:49.996+01:00" modified="2015-03-06T16:00:49.996+01:00" filename="repo.xml" mimetype="application/xml">
        <acl entries="0" version="1"/>
    </resource>
    <resource type="XMLResource" name="dashboard.xml" skip="no" owner="admin" group="dba" mode="664" created="2015-03-06T16:00:50.029+01:00" modified="2015-03-06T16:00:50.029+01:00" filename="dashboard.xml" mimetype="application/xml">
        <acl entries="0" version="1"/>
    </resource>
    <resource type="XMLResource" name="xqdoc.xml" skip="no" owner="admin" group="dba" mode="664" created="2015-03-06T16:00:50.039+01:00" modified="2015-03-06T16:00:50.039+01:00" filename="xqdoc.xml" mimetype="application/xml">
        <acl entries="0" version="1"/>
    </resource>
    <resource type="XMLResource" name="template.xml" skip="no" owner="admin" group="dba" mode="664" created="2015-03-06T16:00:47.626+01:00" modified="2015-03-06T16:00:47.626+01:00" filename="template.xml" mimetype="application/xml">
        <acl entries="0" version="1"/>
    </resource>
    <resource type="XMLResource" name="devguide_codereview.xml" skip="no" owner="admin" group="dba" mode="664" created="2015-03-06T16:00:47.637+01:00" modified="2015-03-06T16:00:47.637+01:00" filename="devguide_codereview.xml" mimetype="application/xml">
        <acl entries="0" version="1"/>
    </resource>
    <resource type="XMLResource" name="production_good_practice.xml" skip="no" owner="admin" group="dba" mode="664" created="2015-03-06T16:00:47.669+01:00" modified="2015-03-06T16:00:47.669+01:00" filename="production_good_practice.xml" mimetype="application/xml">
        <acl entries="0" version="1"/>
    </resource>
    <resource type="XMLResource" name="config-xqdoc.xml" skip="no" owner="admin" group="dba" mode="664" created="2015-03-06T16:00:47.698+01:00" modified="2015-03-06T16:00:47.698+01:00" filename="config-xqdoc.xml" mimetype="application/xml">
        <acl entries="0" version="1"/>
    </resource>
    <resource type="XMLResource" name="ldap-security.xml" skip="no" owner="admin" group="dba" mode="664" created="2015-03-06T16:00:47.712+01:00" modified="2015-03-06T16:00:47.712+01:00" filename="ldap-security.xml" mimetype="application/xml">
        <acl entries="0" version="1"/>
    </resource>
    <resource type="XMLResource" name="getting-help-how-to-report.xml" skip="no" owner="admin" group="dba" mode="664" created="2015-03-06T16:00:47.714+01:00" modified="2015-03-06T16:00:47.714+01:00" filename="getting-help-how-to-report.xml" mimetype="application/xml">
        <acl entries="0" version="1"/>
    </resource>
    <resource type="XMLResource" name="deployment.xml" skip="no" owner="admin" group="dba" mode="664" created="2015-03-06T16:00:47.718+01:00" modified="2015-03-06T16:00:47.718+01:00" filename="deployment.xml" mimetype="application/xml">
        <acl entries="0" version="1"/>
    </resource>
    <resource type="XMLResource" name="devguide_xmlrpc.xml" skip="no" owner="admin" group="dba" mode="664" created="2015-03-06T16:00:47.794+01:00" modified="2015-03-06T16:00:47.794+01:00" filename="devguide_xmlrpc.xml" mimetype="application/xml">
        <acl entries="0" version="1"/>
    </resource>
    <resource type="XMLResource" name="config-versioning.xml" skip="no" owner="admin" group="dba" mode="664" created="2015-03-06T16:00:47.866+01:00" modified="2015-03-06T16:00:47.866+01:00" filename="config-versioning.xml" mimetype="application/xml">
        <acl entries="0" version="1"/>
    </resource>
    <resource type="XMLResource" name="advanced-installation.xml" skip="no" owner="admin" group="dba" mode="664" created="2015-03-06T16:00:47.876+01:00" modified="2015-03-06T16:00:47.876+01:00" filename="advanced-installation.xml" mimetype="application/xml">
        <acl entries="0" version="1"/>
    </resource>
    <resource type="XMLResource" name="configuration.xml" skip="no" owner="admin" group="dba" mode="664" created="2015-03-06T16:00:47.913+01:00" modified="2015-03-06T16:00:47.913+01:00" filename="configuration.xml" mimetype="application/xml">
        <acl entries="0" version="1"/>
    </resource>
    <resource type="XMLResource" name="config-datetime.xml" skip="no" owner="admin" group="dba" mode="664" created="2015-03-06T16:00:48.039+01:00" modified="2015-03-06T16:00:48.039+01:00" filename="config-datetime.xml" mimetype="application/xml">
        <acl entries="0" version="1"/>
    </resource>
    <resource type="XMLResource" name="xacml-intro.xml" skip="no" owner="admin" group="dba" mode="664" created="2015-03-06T16:00:48.045+01:00" modified="2015-03-06T16:00:48.045+01:00" filename="xacml-intro.xml" mimetype="application/xml">
        <acl entries="0" version="1"/>
    </resource>
    <resource type="XMLResource" name="newrangeindex.xml" skip="no" owner="admin" group="dba" mode="664" created="2015-03-06T16:00:48.088+01:00" modified="2015-03-06T16:00:48.088+01:00" filename="newrangeindex.xml" mimetype="application/xml">
        <acl entries="0" version="1"/>
    </resource>
    <resource type="XMLResource" name="acknowledge.xml" skip="no" owner="admin" group="dba" mode="664" created="2015-03-06T16:00:48.125+01:00" modified="2015-03-06T16:00:48.125+01:00" filename="acknowledge.xml" mimetype="application/xml">
        <acl entries="0" version="1"/>
    </resource>
    <resource type="XMLResource" name="beginners-guide-to-xrx-v4.xml" skip="no" owner="admin" group="dba" mode="664" created="2015-03-06T16:00:48.13+01:00" modified="2015-03-06T16:00:48.13+01:00" filename="beginners-guide-to-xrx-v4.xml" mimetype="application/xml">
        <acl entries="0" version="1"/>
    </resource>
    <resource type="XMLResource" name="xacml.xml" skip="no" owner="admin" group="dba" mode="664" created="2015-03-06T16:00:48.233+01:00" modified="2015-03-06T16:00:48.233+01:00" filename="xacml.xml" mimetype="application/xml">
        <acl entries="0" version="1"/>
    </resource>
    <resource type="XMLResource" name="disclaimer.xml" skip="no" owner="admin" group="dba" mode="664" created="2015-03-06T16:00:48.245+01:00" modified="2015-03-06T16:00:48.245+01:00" filename="disclaimer.xml" mimetype="application/xml">
        <acl entries="0" version="1"/>
    </resource>
    <resource type="XMLResource" name="xacml-features.xml" skip="no" owner="admin" group="dba" mode="664" created="2015-03-06T16:00:48.254+01:00" modified="2015-03-06T16:00:48.254+01:00" filename="xacml-features.xml" mimetype="application/xml">
        <acl entries="0" version="1"/>
    </resource>
    <resource type="XMLResource" name="community.xml" skip="no" owner="admin" group="dba" mode="664" created="2015-03-06T16:00:48.273+01:00" modified="2015-03-06T16:00:48.273+01:00" filename="community.xml" mimetype="application/xml">
        <acl entries="0" version="1"/>
    </resource>
    <resource type="XMLResource" name="legal.xml" skip="no" owner="admin" group="dba" mode="664" created="2015-03-06T16:00:48.277+01:00" modified="2015-03-06T16:00:48.277+01:00" filename="legal.xml" mimetype="application/xml">
        <acl entries="0" version="1"/>
    </resource>
    <resource type="XMLResource" name="templating.xml" skip="no" owner="admin" group="dba" mode="664" created="2015-03-06T16:00:48.296+01:00" modified="2015-03-06T16:00:48.296+01:00" filename="templating.xml" mimetype="application/xml">
        <acl entries="0" version="1"/>
    </resource>
    <resource type="XMLResource" name="replication.xml" skip="no" owner="admin" group="dba" mode="664" created="2015-03-06T16:00:48.337+01:00" modified="2015-03-06T16:00:48.337+01:00" filename="replication.xml" mimetype="application/xml">
        <acl entries="0" version="1"/>
    </resource>
    <resource type="XMLResource" name="indexing.xml" skip="no" owner="admin" group="dba" mode="664" created="2015-03-06T16:00:48.348+01:00" modified="2015-03-06T16:00:48.348+01:00" filename="indexing.xml" mimetype="application/xml">
        <acl entries="0" version="1"/>
    </resource>
    <resource type="XMLResource" name="jmx.xml" skip="no" owner="admin" group="dba" mode="664" created="2015-03-06T16:00:48.376+01:00" modified="2015-03-06T16:00:48.376+01:00" filename="jmx.xml" mimetype="application/xml">
        <acl entries="0" version="1"/>
    </resource>
    <resource type="XMLResource" name="xsl-transform.xml" skip="no" owner="admin" group="dba" mode="664" created="2015-03-06T16:00:48.408+01:00" modified="2015-03-06T16:00:48.408+01:00" filename="xsl-transform.xml" mimetype="application/xml">
        <acl entries="0" version="1"/>
    </resource>
    <resource type="XMLResource" name="config-file.xml" skip="no" owner="admin" group="dba" mode="664" created="2015-03-06T16:00:48.42+01:00" modified="2015-03-06T16:00:48.42+01:00" filename="config-file.xml" mimetype="application/xml">
        <acl entries="0" version="1"/>
    </resource>
    <resource type="XMLResource" name="devguide_rest.xml" skip="no" owner="admin" group="dba" mode="664" created="2015-03-06T16:00:48.425+01:00" modified="2015-03-06T16:00:48.425+01:00" filename="devguide_rest.xml" mimetype="application/xml">
        <acl entries="0" version="1"/>
    </resource>
    <resource type="XMLResource" name="videos.xml" skip="no" owner="admin" group="dba" mode="664" created="2015-03-06T16:00:48.463+01:00" modified="2015-03-06T16:00:48.463+01:00" filename="videos.xml" mimetype="application/xml">
        <acl entries="0" version="1"/>
    </resource>
    <resource type="XMLResource" name="config-counter.xml" skip="no" owner="admin" group="dba" mode="664" created="2015-03-06T16:00:48.471+01:00" modified="2015-03-06T16:00:48.471+01:00" filename="config-counter.xml" mimetype="application/xml">
        <acl entries="0" version="1"/>
    </resource>
    <resource type="XMLResource" name="devguide_indexes.xml" skip="no" owner="admin" group="dba" mode="664" created="2015-03-06T16:00:48.482+01:00" modified="2015-03-06T16:00:48.482+01:00" filename="devguide_indexes.xml" mimetype="application/xml">
        <acl entries="0" version="1"/>
    </resource>
    <resource type="XMLResource" name="quickstart.xml" skip="no" owner="admin" group="dba" mode="664" created="2015-03-06T16:00:48.68+01:00" modified="2015-03-06T16:00:48.68+01:00" filename="quickstart.xml" mimetype="application/xml">
        <acl entries="0" version="1"/>
    </resource>
    <resource type="XMLResource" name="using-collections.xml" skip="no" owner="admin" group="dba" mode="664" created="2015-03-06T16:00:48.711+01:00" modified="2015-03-06T16:00:48.711+01:00" filename="using-collections.xml" mimetype="application/xml">
        <acl entries="0" version="1"/>
    </resource>
    <resource type="XMLResource" name="ftlegacy.xml" skip="no" owner="admin" group="dba" mode="664" created="2015-03-06T16:00:48.724+01:00" modified="2015-03-06T16:00:48.724+01:00" filename="ftlegacy.xml" mimetype="application/xml">
        <acl entries="0" version="1"/>
    </resource>
    <resource type="XMLResource" name="xforms.xml" skip="no" owner="admin" group="dba" mode="664" created="2015-03-06T16:00:48.749+01:00" modified="2015-03-06T16:00:48.749+01:00" filename="xforms.xml" mimetype="application/xml">
        <acl entries="0" version="1"/>
    </resource>
    <resource type="XMLResource" name="validation.xml" skip="no" owner="admin" group="dba" mode="664" created="2015-03-06T16:00:48.77+01:00" modified="2015-03-06T16:00:48.77+01:00" filename="validation.xml" mimetype="application/xml">
        <acl entries="0" version="1"/>
    </resource>
    <resource type="XMLResource" name="tuning.xml" skip="no" owner="admin" group="dba" mode="664" created="2015-03-06T16:00:48.808+01:00" modified="2015-03-06T16:00:48.808+01:00" filename="tuning.xml" mimetype="application/xml">
        <acl entries="0" version="1"/>
    </resource>
    <resource type="XMLResource" name="subversion-module.xml" skip="no" owner="admin" group="dba" mode="664" created="2015-03-06T16:00:48.861+01:00" modified="2015-03-06T16:00:48.861+01:00" filename="subversion-module.xml" mimetype="application/xml">
        <acl entries="0" version="1"/>
    </resource>
    <resource type="XMLResource" name="config-compression.xml" skip="no" owner="admin" group="dba" mode="664" created="2015-03-06T16:00:48.87+01:00" modified="2015-03-06T16:00:48.87+01:00" filename="config-compression.xml" mimetype="application/xml">
        <acl entries="0" version="1"/>
    </resource>
    <resource type="XMLResource" name="learning-xquery.xml" skip="no" owner="admin" group="dba" mode="664" created="2015-03-06T16:00:48.883+01:00" modified="2015-03-06T16:00:48.883+01:00" filename="learning-xquery.xml" mimetype="application/xml">
        <acl entries="0" version="1"/>
    </resource>
    <resource type="XMLResource" name="backup.xml" skip="no" owner="admin" group="dba" mode="664" created="2015-03-06T16:00:48.895+01:00" modified="2015-03-06T16:00:48.895+01:00" filename="backup.xml" mimetype="application/xml">
        <acl entries="0" version="1"/>
    </resource>
    <resource type="XMLResource" name="extensions.xml" skip="no" owner="admin" group="dba" mode="664" created="2015-03-06T16:00:48.939+01:00" modified="2015-03-06T16:00:48.939+01:00" filename="extensions.xml" mimetype="application/xml">
        <acl entries="0" version="1"/>
    </resource>
    <resource type="XMLResource" name="faq_performance.xml" skip="no" owner="admin" group="dba" mode="664" created="2015-03-06T16:00:48.98+01:00" modified="2015-03-06T16:00:48.98+01:00" filename="faq_performance.xml" mimetype="application/xml">
        <acl entries="0" version="1"/>
    </resource>
    <resource type="XMLResource" name="atompub.xml" skip="no" owner="admin" group="dba" mode="664" created="2015-03-06T16:00:48.985+01:00" modified="2015-03-06T16:00:48.985+01:00" filename="atompub.xml" mimetype="application/xml">
        <acl entries="0" version="1"/>
    </resource>
    <resource type="XMLResource" name="xqsuite.xml" skip="no" owner="admin" group="dba" mode="664" created="2015-03-06T16:00:49.028+01:00" modified="2015-03-06T16:00:49.028+01:00" filename="xqsuite.xml" mimetype="application/xml">
        <acl entries="0" version="1"/>
    </resource>
    <resource type="XMLResource" name="http-request-session.xml" skip="no" owner="admin" group="dba" mode="664" created="2015-03-06T16:00:49.051+01:00" modified="2015-03-06T16:00:49.051+01:00" filename="http-request-session.xml" mimetype="application/xml">
        <acl entries="0" version="1"/>
    </resource>
    <resource type="XMLResource" name="ant-tasks.xml" skip="no" owner="admin" group="dba" mode="664" created="2015-03-06T16:00:49.054+01:00" modified="2015-03-06T16:00:49.054+01:00" filename="ant-tasks.xml" mimetype="application/xml">
        <acl entries="0" version="1"/>
    </resource>
    <resource type="XMLResource" name="config-xslt.xml" skip="no" owner="admin" group="dba" mode="664" created="2015-03-06T16:00:49.112+01:00" modified="2015-03-06T16:00:49.112+01:00" filename="config-xslt.xml" mimetype="application/xml">
        <acl entries="0" version="1"/>
    </resource>
    <resource type="XMLResource" name="production_web_proxying.xml" skip="no" owner="admin" group="dba" mode="664" created="2015-03-06T16:00:49.124+01:00" modified="2015-03-06T16:00:49.124+01:00" filename="production_web_proxying.xml" mimetype="application/xml">
        <acl entries="0" version="1"/>
    </resource>
    <resource type="XMLResource" name="function_modules.xml" skip="no" owner="admin" group="dba" mode="664" created="2015-03-06T16:00:49.132+01:00" modified="2015-03-06T16:00:49.132+01:00" filename="function_modules.xml" mimetype="application/xml">
        <acl entries="0" version="1"/>
    </resource>
    <resource type="XMLResource" name="devguide_xmldb.xml" skip="no" owner="admin" group="dba" mode="664" created="2015-03-06T16:00:49.157+01:00" modified="2015-03-06T16:00:49.157+01:00" filename="devguide_xmldb.xml" mimetype="application/xml">
        <acl entries="0" version="1"/>
    </resource>
    <resource type="XMLResource" name="java-admin-client.xml" skip="no" owner="admin" group="dba" mode="664" created="2015-03-06T16:00:49.181+01:00" modified="2015-03-06T16:00:49.181+01:00" filename="java-admin-client.xml" mimetype="application/xml">
        <acl entries="0" version="1"/>
    </resource>
    <resource type="XMLResource" name="versioning.xml" skip="no" owner="admin" group="dba" mode="664" created="2015-03-06T16:00:49.22+01:00" modified="2015-03-06T16:00:49.22+01:00" filename="versioning.xml" mimetype="application/xml">
        <acl entries="0" version="1"/>
    </resource>
    <resource type="XMLResource" name="webdav.xml" skip="no" owner="admin" group="dba" mode="664" created="2015-03-06T16:00:49.251+01:00" modified="2015-03-06T16:00:49.251+01:00" filename="webdav.xml" mimetype="application/xml">
        <acl entries="0" version="1"/>
    </resource>
    <resource type="XMLResource" name="devguide.xml" skip="no" owner="admin" group="dba" mode="664" created="2015-03-06T16:00:49.268+01:00" modified="2015-03-06T16:00:49.268+01:00" filename="devguide.xml" mimetype="application/xml">
        <acl entries="0" version="1"/>
    </resource>
    <resource type="XMLResource" name="config-fluent.xml" skip="no" owner="admin" group="dba" mode="664" created="2015-03-06T16:00:49.271+01:00" modified="2015-03-06T16:00:49.271+01:00" filename="config-fluent.xml" mimetype="application/xml">
        <acl entries="0" version="1"/>
    </resource>
    <resource type="XMLResource" name="xacml-dev.xml" skip="no" owner="admin" group="dba" mode="664" created="2015-03-06T16:00:49.282+01:00" modified="2015-03-06T16:00:49.282+01:00" filename="xacml-dev.xml" mimetype="application/xml">
        <acl entries="0" version="1"/>
    </resource>
    <resource type="XMLResource" name="update_ext.xml" skip="no" owner="admin" group="dba" mode="664" created="2015-03-06T16:00:49.299+01:00" modified="2015-03-06T16:00:49.299+01:00" filename="update_ext.xml" mimetype="application/xml">
        <acl entries="0" version="1"/>
    </resource>
    <resource type="XMLResource" name="upgrading.xml" skip="no" owner="admin" group="dba" mode="664" created="2015-03-06T16:00:49.311+01:00" modified="2015-03-06T16:00:49.311+01:00" filename="upgrading.xml" mimetype="application/xml">
        <acl entries="0" version="1"/>
    </resource>
</collection>