<collection xmlns="http://exist.sourceforge.net/NS/exist" name="/db/apps/betterform/demo" version="1" owner="admin" group="dba" mode="775" created="2015-03-06T16:00:37.054+01:00">
    <acl entries="0" version="1"/>
    <resource type="XMLResource" name="contacts.xhtml" skip="no" owner="admin" group="dba" mode="775" created="2015-03-06T16:00:37.113+01:00" modified="2015-03-06T16:00:37.113+01:00" filename="contacts.xhtml" mimetype="application/xhtml+xml">
        <acl entries="0" version="1"/>
    </resource>
    <resource type="XMLResource" name="contacts.xml" skip="no" owner="admin" group="dba" mode="775" created="2015-03-06T16:00:37.122+01:00" modified="2015-03-06T16:00:37.122+01:00" filename="contacts.xml" mimetype="application/xml">
        <acl entries="0" version="1"/>
    </resource>
    <resource type="XMLResource" name="contacts_subform_2.xml" skip="no" owner="admin" group="dba" mode="775" created="2015-03-06T16:00:37.125+01:00" modified="2015-03-06T16:00:37.125+01:00" filename="contacts_subform_2.xml" mimetype="application/xml">
        <acl entries="0" version="1"/>
    </resource>
    <resource type="XMLResource" name="orderlist.xml" skip="no" owner="admin" group="dba" mode="775" created="2015-03-06T16:00:37.055+01:00" modified="2015-03-06T16:00:37.055+01:00" filename="orderlist.xml" mimetype="application/xml">
        <acl entries="0" version="1"/>
    </resource>
    <resource type="XMLResource" name="registration.xml" skip="no" owner="admin" group="dba" mode="775" created="2015-03-06T16:00:37.06+01:00" modified="2015-03-06T16:00:37.06+01:00" filename="registration.xml" mimetype="application/xml">
        <acl entries="0" version="1"/>
    </resource>
    <resource type="XMLResource" name="orderlist.xhtml" skip="no" owner="admin" group="dba" mode="775" created="2015-03-06T16:00:37.061+01:00" modified="2015-03-06T16:00:37.061+01:00" filename="orderlist.xhtml" mimetype="application/xhtml+xml">
        <acl entries="0" version="1"/>
    </resource>
    <resource type="XMLResource" name="contacts_subform_1.xml" skip="no" owner="admin" group="dba" mode="775" created="2015-03-06T16:00:37.091+01:00" modified="2015-03-06T16:00:37.091+01:00" filename="contacts_subform_1.xml" mimetype="application/xml">
        <acl entries="0" version="1"/>
    </resource>
    <resource type="XMLResource" name="registration.xhtml" skip="no" owner="admin" group="dba" mode="775" created="2015-03-06T16:00:37.109+01:00" modified="2015-03-06T16:00:37.109+01:00" filename="registration.xhtml" mimetype="application/xhtml+xml">
        <acl entries="0" version="1"/>
    </resource>
    <subcollection name="styles" filename="styles"/>
    <subcollection name="images" filename="images"/>
</collection>