<collection xmlns="http://exist.sourceforge.net/NS/exist" name="/db/apps/ediarum" version="1" owner="admin" group="dba" mode="755" created="2015-03-18T17:18:55.655+01:00">
    <acl entries="0" version="1"/>
    <resource type="BinaryResource" name="pre-install.xql" skip="no" owner="admin" group="dba" mode="755" created="2015-03-18T17:18:55.79+01:00" modified="2015-03-18T17:18:55.79+01:00" filename="pre-install.xql" mimetype="application/xquery">
        <acl entries="0" version="1"/>
    </resource>
    <resource type="XMLResource" name="collection.xconf" skip="no" owner="admin" group="dba" mode="644" created="2015-03-18T17:18:55.79+01:00" modified="2015-03-18T17:18:55.79+01:00" filename="collection.xconf" mimetype="application/xml">
        <acl entries="0" version="1"/>
    </resource>
    <resource type="XMLResource" name="build.xml" skip="no" owner="admin" group="dba" mode="644" created="2015-03-18T17:18:55.794+01:00" modified="2015-03-18T17:18:55.794+01:00" filename="build.xml" mimetype="application/xml">
        <acl entries="0" version="1"/>
    </resource>
    <resource type="XMLResource" name="repo.xml" skip="no" owner="admin" group="dba" mode="644" created="2015-03-18T17:18:56.422+01:00" modified="2015-03-18T17:18:56.422+01:00" filename="repo.xml" mimetype="application/xml">
        <acl entries="0" version="1"/>
    </resource>
    <resource type="XMLResource" name="index.html" skip="no" owner="admin" group="dba" mode="644" created="2015-03-18T17:18:55.656+01:00" modified="2015-03-18T17:18:55.656+01:00" filename="index.html" mimetype="text/html">
        <acl entries="0" version="1"/>
    </resource>
    <resource type="XMLResource" name="dokumentation.html" skip="no" owner="admin" group="dba" mode="644" created="2015-03-18T17:18:55.683+01:00" modified="2015-03-18T17:18:55.683+01:00" filename="dokumentation.html" mimetype="text/html">
        <acl entries="0" version="1"/>
    </resource>
    <resource type="BinaryResource" name="controller.xql" skip="no" owner="admin" group="dba" mode="755" created="2015-03-18T17:18:55.753+01:00" modified="2015-03-18T17:18:55.753+01:00" filename="controller.xql" mimetype="application/xquery">
        <acl entries="0" version="1"/>
    </resource>
    <resource type="XMLResource" name="expath-pkg.xml" skip="no" owner="admin" group="dba" mode="644" created="2015-03-18T17:18:55.754+01:00" modified="2015-03-18T17:18:55.754+01:00" filename="expath-pkg.xml" mimetype="application/xml">
        <acl entries="0" version="1"/>
    </resource>
    <resource type="XMLResource" name="error-page.html" skip="no" owner="admin" group="dba" mode="644" created="2015-03-18T17:18:55.763+01:00" modified="2015-03-18T17:18:55.763+01:00" filename="error-page.html" mimetype="text/html">
        <acl entries="0" version="1"/>
    </resource>
    <resource type="BinaryResource" name="post-install.xql" skip="no" owner="admin" group="dba" mode="755" created="2015-03-18T17:18:55.772+01:00" modified="2015-03-18T17:18:55.772+01:00" filename="post-install.xql" mimetype="application/xquery">
        <acl entries="0" version="1"/>
    </resource>
    <resource type="XMLResource" name="schema.html" skip="no" owner="admin" group="dba" mode="644" created="2015-03-18T17:18:55.773+01:00" modified="2015-05-19T11:30:28.343+02:00" filename="schema.html" mimetype="text/html">
        <acl entries="0" version="1"/>
    </resource>
    <resource type="XMLResource" name="data.html" skip="no" owner="admin" group="dba" mode="644" created="2015-03-18T17:18:55.779+01:00" modified="2015-08-14T17:11:45.164+02:00" filename="data.html" mimetype="text/html">
        <acl entries="0" version="1"/>
    </resource>
    <subcollection name="handschriften" filename="handschriften"/>
    <subcollection name="resources" filename="resources"/>
    <subcollection name="logs" filename="logs"/>
    <subcollection name="setup" filename="setup"/>
    <subcollection name="templates" filename="templates"/>
    <subcollection name="web" filename="web"/>
    <subcollection name="data_copy" filename="data_copy"/>
    <subcollection name="modules" filename="modules"/>
    <subcollection name="routinen" filename="routinen"/>
    <subcollection name="druck" filename="druck"/>
    <subcollection name="schemata" filename="schemata"/>
</collection>