<collection xmlns="http://exist.sourceforge.net/NS/exist" name="/db/apps/ediarum/druck" version="1" owner="admin" group="nutzer" mode="755" created="2015-03-18T17:18:56.395+01:00">
    <acl entries="0" version="1"/>
    <resource type="BinaryResource" name="preview.xql" skip="no" owner="admin" group="dba" mode="4755" created="2015-10-23T12:38:27.341+02:00" modified="2015-11-03T09:19:46.753+01:00" filename="preview.xql" mimetype="application/xquery">
        <acl entries="0" version="1"/>
    </resource>
    <resource type="BinaryResource" name="list-pdf.xql" skip="no" owner="admin" group="dba" mode="4755" created="2015-11-02T16:03:32.921+01:00" modified="2015-11-03T09:27:28.374+01:00" filename="list-pdf.xql" mimetype="application/xquery">
        <acl entries="0" version="1"/>
    </resource>
    <resource type="BinaryResource" name="log.xql" skip="no" owner="admin" group="dba" mode="4755" created="2015-10-23T16:11:57.779+02:00" modified="2015-10-23T16:11:57.779+02:00" filename="log.xql" mimetype="application/xquery">
        <acl entries="0" version="1"/>
    </resource>
</collection>