<collection xmlns="http://exist.sourceforge.net/NS/exist" name="/db/apps" version="1" owner="SYSTEM" group="dba" mode="755" created="2015-03-06T16:00:33.018+01:00">
    <acl entries="0" version="1"/>
    <subcollection name="shared-resources" filename="shared-resources"/>
    <subcollection name="monex" filename="monex"/>
    <subcollection name="demo" filename="demo"/>
    <subcollection name="doc" filename="doc"/>
    <subcollection name="dashboard" filename="dashboard"/>
    <subcollection name="ediarum" filename="ediarum"/>
    <subcollection name="XSLTForms-Demo" filename="XSLTForms-Demo"/>
    <subcollection name="fundocs" filename="fundocs"/>
    <subcollection name="markdown" filename="markdown"/>
    <subcollection name="xsltforms" filename="xsltforms"/>
    <subcollection name="eXide" filename="eXide"/>
    <subcollection name="betterform" filename="betterform"/>
</collection>