<?xml version="1.0" encoding="UTF-8"?>
<list type="personenregister"><item type="person" xml:id="JCA1777">Amrhyn, Joseph Carl (1777-1848)</item><item type="person" xml:id="RAB1795">Bähler, Rudolf Albrecht (1795-1850)</item><item type="person" xml:id="CARB1793">Baggesen, Carl Albrecht Reinhold (1793-1873)</item><item type="person" xml:id="RBB1797">Baumgartner, Rudolf Bernhard (1797-1854)</item><item type="person" xml:id="SHB1804">Berthoud, Samuel-Henri (1804-1891)</item><item type="person" xml:id="CB1807">Beyel, Christian (1807-1885)</item><item type="person" xml:id="FBB1791">Bitzius, Bernhard (1791-1854)</item><item type="person" xml:id="KFB1801">Bitzius, Carl Friedrich (1801-1867)</item><item type="person" xml:id="MHB1834">Bitzius, Marie Henriette (1834-1890)</item><item type="person" xml:id="SB1757">Bitzius, Sigmund (1757-1824)</item><item type="person" xml:id="CAB1804">Blösch, Caesar Adolf (1804-1863)</item><item type="person" xml:id="EB1807">Blösch, Eduard (1807-1866)</item><item type="person" xml:id="JB1800">Born, Johannes (1800-1866)</item><item type="person" xml:id="JBB1791">Brosi, Johann Baptist (1791-1852)</item><item type="person" xml:id="JB1787">Burkhalter, Joseph (1787-1866)</item><item type="person" xml:id="GFD1790">Döhner, Gotthilf Ferdinand (1790-1866)</item><item type="person" xml:id="AVEW1773">Effinger-Wildegg, Albrecht von (1773-1853)</item><item type="person" xml:id="SVEVUxxxx">Ehrenstein, von Uekermann, Sophie, von (?-?)</item><item type="person" xml:id="GF1794">Farschon, Gabriel (1794-1860)</item><item type="person" xml:id="MAF1812">Feierabend, Maurus August (1812-1887)</item><item type="person" xml:id="BRF1796">Fetscherin, Bernhard Rudolf (1796-1855), Bernischer Gross- und Regierungsrat</item><item type="person" xml:id="AEF1796">Fröhlich, Abraham Emanuel (1796-1865)</item><item type="person" xml:id="EEF1801">Fueter, Emanuel Eduard (1801-1855)</item><item type="person" xml:id="IG1809">Gersdorf, Irenäus (1809-1860</item><item type="person" xml:id="n_E3Y">Gotthelf, Jeremias (1797-1854)</item><item type="person" xml:id="GHGxxxx">Goundie, George H. (?-?)</item><item type="person" xml:id="EG1800">Graf, Emilie (1800-1884)</item><item type="person" xml:id="JGxxxx">Graf, Julie (?-?)</item><item type="person" xml:id="LTG1799">Graf, Ludwig Theophil (1799-1881)</item><item type="person" xml:id="CVG1795">Graffenried, Caroline, von (1795-1871)</item><item type="person" xml:id="JJG1816">Guggenbühl, Johann Jakob (1816-1863)</item><item type="person" xml:id="KGxxxx">Gutknecht, Karl (?-?)</item><item type="person" xml:id="KRH1801">Hagenbach, Karl Rudolf (1801-1874)</item><item type="person" xml:id="LEH1787">Hahn, Ludwig Emanuel (1787-1857)</item><item type="person" xml:id="JEFH1802">Haller, Jakob Emanuel Franz (1802-1863)</item><item type="person" xml:id="AH1814">Hartmann, Alfred (1814-1897)</item><item type="person" xml:id="MCEH1809">Hermann, geb. Thibaut, Marie Caroline Erenstine (1809-1855)</item><item type="person" xml:id="XH1810">Herzog, Xaver (1810-1883)</item><item type="person" xml:id="SGH1808">Hünerwadel, Samuel Gottlieb (1808-1877)</item><item type="person" xml:id="AHI1804">Immer, Albert Heinrich (1804-1884)</item><item type="person" xml:id="CAJ1786">Jenni, Christian Albrecht (1786-1861)</item><item type="person" xml:id="SFJ1809">Jenni, Samuel Friedrich (1809-1849)</item><item type="person" xml:id="FLJ1810">Jent, Franz Louis (1810-1867)</item><item type="person" xml:id="SJRxxxx">Jent-Reinert, Sophie (?-?)</item><item type="person" xml:id="EK1806">Kehrli, Elisabeth (1806-?)</item><item type="person" xml:id="FLKxxxx">Keller, Friedrich Ludwig (1799-1860)</item><item type="person" xml:id="JK1748">Kirchhofer, Johannes (1748-1824)</item><item type="person" xml:id="JKxxxx">Koerber, Johann (?-?)</item><item type="person" xml:id="CRK1803">Küpfer, Carl Rudolph (1803-?)</item><item type="person" xml:id="GJK1775">Kuhn, Gottlieb Jakob (1775-1849)</item><item type="person" xml:id="EKLxxxx">Kummer-Lindt, Elsbeth (?-?)</item><item type="person" xml:id="CGKxxxx">Kunze, C.G. (?-?)</item><item type="person" xml:id="CL1789">Langlois, Carl (1789-1870)</item><item type="person" xml:id="PL1801">Leyendecker, Philipp (1801-1866)</item><item type="person" xml:id="RL1808">Lindenmann, Rudolph (1808-1871)</item><item type="person" xml:id="ALxxxx">Lindt, Albert (?-?)</item><item type="person" xml:id="LLxxxx">Lindt, Ludwig (?-?)</item><item type="person" xml:id="LL1815">Lindt-Clias, Carolina Catherina (1815-1908)</item><item type="person" xml:id="FL1820">Lusser, Florian (1820-1889)</item><item type="person" xml:id="JLSL1785">Lutz, Johann Ludwig Samuel (1785-1844</item><item type="person" xml:id="CFM1809">Manuel, Christian Friedrich (1809-1891)</item><item type="person" xml:id="CMxxxx">Marcolin, Christian (?-?)</item><item type="person" xml:id="JM1803">Martin, Johannes (1803-1860)</item><item type="person" xml:id="JHMVC1801">Maurer-von Constant, Johann Heinrich (1801-1869)</item><item type="person" xml:id="GMxxxx">Mayer, Gustav (?-1885)</item><item type="person" xml:id="WM1798">Menzel, Wolfgang (1798-1873)</item><item type="person" xml:id="GMVK1804">Meyer von Knonau, Gerold (1804-1858)</item><item type="person" xml:id="JKM1799">Mörikofer, Johann Kaspar (1799-1877)</item><item type="person" xml:id="SFM1808">Moser, Samuel Friedrich (1808-1891)</item><item type="person" xml:id="AMxxxx">Müller, Adam (?-?)</item><item type="person" xml:id="ELGVM1815">Müller, Eduard Ludwig Gabriel von (1815-1892)</item><item type="person" xml:id="TM1790">Müller, Theodor (1790-1857)</item><item type="person" xml:id="CNxxxx">Nacke, Carl (?–?)</item><item type="person" xml:id="p0c579db1-9fcd-4f0d-9ed1-14fb3d5baebe">Neuhaus, Charles (1796–1849)</item><item type="person" xml:id="JP1820">Pfäffli, Johann (1820-?)</item><item type="person" xml:id="FKWP1811">Piper, Ferdinand Karl Wilhelm (1811-1889)</item><item type="person" xml:id="PAFKP1808">Possart, Paul Anton Fredor Konstantin (1808-1860)</item><item type="person" xml:id="JAP1797">Pupikofer, Johann Adam (1797-1882)</item><item type="person" xml:id="HKRE1802">Rahn-Escher, Hans Konrad (1802-1881)</item><item type="person" xml:id="JR1816">Rank, Josef (1816-1896)</item><item type="person" xml:id="RR1798">Rauchenstein, Rudolf (1798-1879)</item><item type="person" xml:id="JJR1805">Reithard, Johann Jakob (1805-1857)</item><item type="person" xml:id="KR1791">Rickli, Karl (1791-1843)</item><item type="person" xml:id="JPR1802">Romang, Johann Peter (1802-1875)</item><item type="person" xml:id="WR1814">Rueß, Wilhelm (1814-1879)</item><item type="person" xml:id="CRF1808">Rytz-Fueter, Charlotte (1804-1880)</item><item type="person" xml:id="HRS1776">Sauerländer, Heinrich Remigius (1776-1847</item><item type="person" xml:id="p6d7e3ce0-6e09-4a45-8303-992d2d3ba01d">Schleiermacher, Friedrich (1768-1834), Theologe</item><item type="person" xml:id="JDS1800">Schlichthorst, Johann David (1800-1843)</item><item type="person" xml:id="FS1816">Schmidt, Ferdinand (1816-1890</item><item type="person" xml:id="FS1768">Schneider, Felix (1768-1845)</item><item type="person" xml:id="JRS1804">Schneider, Johann Rudolph (1804-1880)</item><item type="person" xml:id="JSDÄ1792">Schneider, Johannes, der Ältere (1792-1858)</item><item type="person" xml:id="JHS1793">Schnell, Johann Hans (1793-1865)</item><item type="person" xml:id="GHS1810">Schwerdt, Georg Heinrich (1810-1888)</item><item type="person" xml:id="MSxxxx1">Simion, Moses (?-?)</item><item type="person" xml:id="JS1817">Springer, Julius (1817-1877)</item><item type="person" xml:id="MSxxxx2">Springer, Marie (?-?)</item><item type="person" xml:id="GRS1789">Stähli, Gottlieb Rudolf (1789-1847)</item><item type="person" xml:id="MS1799">Stähli, Marie Solomea (1799-1875)</item><item type="person" xml:id="DAES1808">Stöber, Daniel August Ehrenfried (1808-1884)</item><item type="person" xml:id="JS1819">Stucker, Johannes1819-?)</item><item type="person" xml:id="BS1794">Studer, Bernhard (1794-1887)</item><item type="person" xml:id="SES1757">Studer, Samuel Emanuel (1757-1834)</item><item type="person" xml:id="ES1807">Süskind, Eduard (1807-1874)</item><item type="person" xml:id="RVS1805">Sydow, Rudolf von (1805-1872)</item><item type="person" xml:id="FT1776">Trechsel, Friedrich (1776-1849)</item><item type="person" xml:id="FVT1820">Tschudi, Friedrich von (1820-1866)</item><item type="person" xml:id="GGV1810">Valentin, Gustav Gabriel (1810-1883)</item><item type="person" xml:id="ARW1803">Walthard, Abraham Rudolf (1803-1877)</item><item type="person" xml:id="SW1811">Weil, Simon (1811-?)</item><item type="person" xml:id="CW1812">Wenger, Christian (1812-?)</item><item type="person" xml:id="GW1808">Wigand, Georg (1808-1858)</item><item type="person" xml:id="JWxxxx">Wilhelm, Johann (?-?)</item><item type="person" xml:id="ARW1792">Wyß, Abraham Rudolf (1792-1854)</item><item type="person" xml:id="BCW1793">Wyß, Bernhard Carl (1793-1870)</item><item type="person" xml:id="n_A1A">,</item><item type="person" xml:id="n_A1E">,</item><item type="person" xml:id="n_A1I">,</item><item type="person" xml:id="n_A1O">,</item><item type="person" xml:id="n_A1U">,</item><item type="person" xml:id="n_A2A">,</item><item type="person" xml:id="n_A2E">,</item><item type="person" xml:id="n_A2I">,</item><item type="person" xml:id="n_A2O">,</item><item type="person" xml:id="n_A2U">,</item><item type="person" xml:id="n_A3A">,</item><item type="person" xml:id="n_A3E">,</item><item type="person" xml:id="n_A3I">,</item><item type="person" xml:id="n_A3O">,</item><item type="person" xml:id="n_A3U">,</item><item type="person" xml:id="n_A4A">,</item><item type="person" xml:id="n_A4E">,</item><item type="person" xml:id="n_A4I">,</item><item type="person" xml:id="n_A4O">,</item><item type="person" xml:id="n_A4U">,</item></list>