<collection xmlns="http://exist.sourceforge.net/NS/exist" name="/db/apps/betterform/modules" version="1" owner="admin" group="dba" mode="775" created="2015-03-06T16:00:37.159+01:00">
    <acl entries="0" version="1"/>
    <resource type="BinaryResource" name="create-collection.xql" skip="no" owner="admin" group="dba" mode="775" created="2015-03-06T16:00:37.16+01:00" modified="2015-03-06T16:00:37.16+01:00" filename="create-collection.xql" mimetype="application/xquery">
        <acl entries="0" version="1"/>
    </resource>
    <resource type="BinaryResource" name="templates.xql" skip="no" owner="admin" group="dba" mode="775" created="2015-03-06T16:00:37.167+01:00" modified="2015-03-06T16:00:37.167+01:00" filename="templates.xql" mimetype="application/xquery">
        <acl entries="0" version="1"/>
    </resource>
    <resource type="BinaryResource" name="FormsQuery.xql" skip="no" owner="admin" group="dba" mode="775" created="2015-03-06T16:00:37.167+01:00" modified="2015-03-06T16:00:37.167+01:00" filename="FormsQuery.xql" mimetype="application/xquery">
        <acl entries="0" version="1"/>
    </resource>
    <resource type="BinaryResource" name="config.xqm" skip="no" owner="admin" group="dba" mode="775" created="2015-03-06T16:00:37.168+01:00" modified="2015-03-06T16:00:37.168+01:00" filename="config.xqm" mimetype="application/xquery">
        <acl entries="0" version="1"/>
    </resource>
    <resource type="BinaryResource" name="login.xql" skip="no" owner="admin" group="dba" mode="775" created="2015-03-06T16:00:37.168+01:00" modified="2015-03-06T16:00:37.168+01:00" filename="login.xql" mimetype="application/xquery">
        <acl entries="0" version="1"/>
    </resource>
    <resource type="BinaryResource" name="view.xql" skip="no" owner="admin" group="dba" mode="775" created="2015-03-06T16:00:37.16+01:00" modified="2015-03-06T16:00:37.16+01:00" filename="view.xql" mimetype="application/xquery">
        <acl entries="0" version="1"/>
    </resource>
    <resource type="BinaryResource" name="upload-document.xql" skip="no" owner="admin" group="dba" mode="775" created="2015-03-06T16:00:37.16+01:00" modified="2015-03-06T16:00:37.16+01:00" filename="upload-document.xql" mimetype="application/xquery">
        <acl entries="0" version="1"/>
    </resource>
</collection>