<collection xmlns="http://exist.sourceforge.net/NS/exist" name="/db/apps/demo/data/addresses" version="1" owner="demo" group="demo" mode="777" created="2015-03-06T16:00:42.108+01:00">
    <acl entries="0" version="1"/>
    <resource type="XMLResource" name="0ff8612a-b998-4677-84a3-73e9ef84ba5f.xml" skip="no" owner="demo" group="demo" mode="777" created="2015-03-06T16:00:42.11+01:00" modified="2015-03-06T16:00:42.11+01:00" filename="0ff8612a-b998-4677-84a3-73e9ef84ba5f.xml" mimetype="application/xml">
        <acl entries="0" version="1"/>
    </resource>
    <resource type="XMLResource" name="49ce9014-b1b2-4d30-acd8-601349e5e1a2.xml" skip="no" owner="demo" group="demo" mode="777" created="2015-03-06T16:00:42.114+01:00" modified="2015-03-06T16:00:42.114+01:00" filename="49ce9014-b1b2-4d30-acd8-601349e5e1a2.xml" mimetype="application/xml">
        <acl entries="0" version="1"/>
    </resource>
    <resource type="XMLResource" name="19791b37-f546-4dc0-9bb4-ba3c36f9bb35.xml" skip="no" owner="demo" group="demo" mode="777" created="2015-03-06T16:00:42.124+01:00" modified="2015-03-06T16:00:42.124+01:00" filename="19791b37-f546-4dc0-9bb4-ba3c36f9bb35.xml" mimetype="application/xml">
        <acl entries="0" version="1"/>
    </resource>
    <resource type="XMLResource" name="2895645b-d16f-415e-a99a-a4504faaa6c2.xml" skip="no" owner="demo" group="demo" mode="777" created="2015-03-06T16:00:42.126+01:00" modified="2015-03-06T16:00:42.126+01:00" filename="2895645b-d16f-415e-a99a-a4504faaa6c2.xml" mimetype="application/xml">
        <acl entries="0" version="1"/>
    </resource>
    <resource type="XMLResource" name="abbcc652-0665-4f9d-9df5-c2c96aaf3c51.xml" skip="no" owner="demo" group="demo" mode="777" created="2015-03-06T16:00:42.127+01:00" modified="2015-03-06T16:00:42.127+01:00" filename="abbcc652-0665-4f9d-9df5-c2c96aaf3c51.xml" mimetype="application/xml">
        <acl entries="0" version="1"/>
    </resource>
    <resource type="XMLResource" name="7db9a6b3-6f06-4205-b4de-4f906ec9fd94.xml" skip="no" owner="demo" group="demo" mode="777" created="2015-03-06T16:00:42.131+01:00" modified="2015-03-06T16:00:42.131+01:00" filename="7db9a6b3-6f06-4205-b4de-4f906ec9fd94.xml" mimetype="application/xml">
        <acl entries="0" version="1"/>
    </resource>
    <resource type="XMLResource" name="75a7170b-ad64-47ac-9b54-59ad50b6c47d.xml" skip="no" owner="demo" group="demo" mode="777" created="2015-03-06T16:00:42.135+01:00" modified="2015-03-06T16:00:42.135+01:00" filename="75a7170b-ad64-47ac-9b54-59ad50b6c47d.xml" mimetype="application/xml">
        <acl entries="0" version="1"/>
    </resource>
</collection>