<collection xmlns="http://exist.sourceforge.net/NS/exist" name="/db/apps/ediarum/schemata" version="1" owner="admin" group="data_copy" mode="775" created="2015-03-18T17:18:55.972+01:00">
    <acl entries="0" version="1"/>
    <resource type="XMLResource" name="schemadoku_rng.rng" skip="no" owner="admin" group="nutzer" mode="770" created="2015-03-23T17:55:57.71+01:00" modified="2015-08-18T17:23:40.967+02:00" filename="schemadoku_rng.rng" mimetype="application/xml">
        <acl entries="0" version="1"/>
    </resource>
    <resource type="XMLResource" name="entity-catalog.xml" skip="no" owner="admin" group="nutzer" mode="770" created="2015-05-13T17:13:02.996+02:00" modified="2015-05-13T17:22:08.045+02:00" filename="entity-catalog.xml" mimetype="application/xml">
        <acl entries="0" version="1"/>
    </resource>
    <resource type="BinaryResource" name="hkg.ent" skip="no" owner="admin" group="nutzer" mode="770" created="2015-05-13T17:16:03.315+02:00" modified="2015-05-13T17:16:03.315+02:00" filename="hkg.ent" mimetype="application/octet-stream">
        <acl entries="0" version="1"/>
    </resource>
    <resource type="XMLResource" name="Werkregister.rng" skip="no" owner="admin" group="nutzer" mode="770" created="2015-06-25T17:52:03.433+02:00" modified="2017-11-30T19:00:54.54+01:00" filename="Werkregister.rng" mimetype="application/xml">
        <acl entries="0" version="1"/>
    </resource>
    <resource type="XMLResource" name="register_in_data_copy.rng" skip="no" owner="admin" group="nutzer" mode="770" created="2015-08-18T17:46:14.413+02:00" modified="2015-08-18T17:47:45.469+02:00" filename="register_in_data_copy.rng" mimetype="application/xml">
        <acl entries="0" version="1"/>
    </resource>
    <resource type="XMLResource" name="Manuskripte_rng.rng" skip="no" owner="admin" group="nutzer" mode="770" created="2017-06-07T16:11:11.944+02:00" modified="2019-08-07T11:13:28.575+02:00" filename="Manuskripte_rng.rng" mimetype="application/xml">
        <acl entries="0" version="1"/>
    </resource>
    <resource type="XMLResource" name="index.rng" skip="no" owner="admin" group="nutzer" mode="770" created="2015-03-18T17:18:56.139+01:00" modified="2015-03-18T17:18:56.139+01:00" filename="index.rng" mimetype="application/xml">
        <acl entries="0" version="1"/>
    </resource>
    <resource type="BinaryResource" name="tei_all.rnc" skip="no" owner="admin" group="nutzer" mode="770" created="2015-03-18T17:18:56.149+01:00" modified="2015-03-18T17:18:56.149+01:00" filename="tei_all.rnc" mimetype="text/plain">
        <acl entries="0" version="1"/>
    </resource>
    <resource type="XMLResource" name="Manuskripte_Brief_includes.rng" skip="no" owner="admin" group="nutzer" mode="770" created="2017-06-05T10:58:27.904+02:00" modified="2019-08-07T11:12:18.109+02:00" filename="Manuskripte_Brief_includes.rng" mimetype="application/xml">
        <acl entries="0" version="1"/>
    </resource>
    <resource type="XMLResource" name="Manuskripte_Brief_rng.rng" skip="no" owner="admin" group="nutzer" mode="770" created="2017-06-05T10:58:28.319+02:00" modified="2019-08-07T11:12:51.159+02:00" filename="Manuskripte_Brief_rng.rng" mimetype="application/xml">
        <acl entries="0" version="1"/>
    </resource>
    <resource type="XMLResource" name="Ortsregister.rng" skip="no" owner="admin" group="nutzer" mode="770" created="2015-06-22T17:33:13.476+02:00" modified="2019-10-18T15:47:19.561+02:00" filename="Ortsregister.rng" mimetype="application/xml">
        <acl entries="0" version="1"/>
    </resource>
    <resource type="XMLResource" name="Schlagwortregister.rng" skip="no" owner="admin" group="nutzer" mode="770" created="2018-05-28T08:59:49.63+02:00" modified="2019-10-17T21:40:23.662+02:00" filename="Schlagwortregister.rng" mimetype="application/xml">
        <acl entries="0" version="1"/>
    </resource>
    <resource type="XMLResource" name="Drucktexte_rng.rng" skip="no" owner="admin" group="nutzer" mode="770" created="2015-03-23T12:52:25.455+01:00" modified="2018-10-18T16:44:29.252+02:00" filename="Drucktexte_rng.rng" mimetype="application/xml">
        <acl entries="0" version="1"/>
    </resource>
    <resource type="XMLResource" name="Personenregister.rng" skip="no" owner="admin" group="nutzer" mode="770" created="2015-06-25T20:19:34.986+02:00" modified="2019-10-03T17:47:31.857+02:00" filename="Personenregister.rng" mimetype="application/xml">
        <acl entries="0" version="1"/>
    </resource>
    <resource type="XMLResource" name="provisorische_ids.xsl" skip="no" owner="admin" group="nutzer" mode="770" created="2015-09-24T10:17:55.616+02:00" modified="2015-09-24T10:18:47.87+02:00" filename="provisorische_ids.xsl" mimetype="application/xslt+xml">
        <acl entries="0" version="1"/>
    </resource>
    <resource type="XMLResource" name="Siglenregister.rng" skip="no" owner="admin" group="nutzer" mode="770" created="2019-10-17T15:58:11.721+02:00" modified="2019-10-17T21:37:45.271+02:00" filename="Siglenregister.rng" mimetype="application/xml">
        <acl entries="0" version="1"/>
    </resource>
</collection>