<collection xmlns="http://exist.sourceforge.net/NS/exist" name="/db/apps/dashboard/modules" version="1" owner="admin" group="dba" mode="775" created="2015-03-06T16:00:37.486+01:00">
    <acl entries="0" version="1"/>
    <resource type="BinaryResource" name="get-icon.xql" skip="no" owner="admin" group="dba" mode="775" created="2015-03-06T16:00:37.486+01:00" modified="2015-03-06T16:00:37.486+01:00" filename="get-icon.xql" mimetype="application/xquery">
        <acl entries="0" version="1"/>
    </resource>
    <resource type="BinaryResource" name="login-helper.xql" skip="no" owner="admin" group="dba" mode="775" created="2015-03-06T16:00:37.487+01:00" modified="2015-03-06T16:00:37.487+01:00" filename="login-helper.xql" mimetype="application/xquery">
        <acl entries="0" version="1"/>
    </resource>
    <resource type="BinaryResource" name="install.xql" skip="no" owner="admin" group="dba" mode="775" created="2015-03-06T16:00:37.487+01:00" modified="2015-03-06T16:00:37.487+01:00" filename="install.xql" mimetype="application/xquery">
        <acl entries="0" version="1"/>
    </resource>
    <resource type="BinaryResource" name="view.xql" skip="no" owner="admin" group="dba" mode="775" created="2015-03-06T16:00:37.487+01:00" modified="2015-03-06T16:00:37.487+01:00" filename="view.xql" mimetype="application/xquery">
        <acl entries="0" version="1"/>
    </resource>
    <resource type="BinaryResource" name="app.xql" skip="no" owner="admin" group="dba" mode="775" created="2015-03-06T16:00:37.487+01:00" modified="2015-03-06T16:00:37.487+01:00" filename="app.xql" mimetype="application/xquery">
        <acl entries="0" version="1"/>
    </resource>
    <resource type="BinaryResource" name="templates.xql" skip="no" owner="admin" group="dba" mode="775" created="2015-03-06T16:00:37.488+01:00" modified="2015-03-06T16:00:37.488+01:00" filename="templates.xql" mimetype="application/xquery">
        <acl entries="0" version="1"/>
    </resource>
    <resource type="BinaryResource" name="get-packages.xql" skip="no" owner="admin" group="dba" mode="775" created="2015-03-06T16:00:37.488+01:00" modified="2015-03-06T16:00:37.488+01:00" filename="get-packages.xql" mimetype="application/xquery">
        <acl entries="0" version="1"/>
    </resource>
    <resource type="BinaryResource" name="config.xqm" skip="no" owner="admin" group="dba" mode="775" created="2015-03-06T16:00:37.488+01:00" modified="2015-03-06T16:00:37.488+01:00" filename="config.xqm" mimetype="application/xquery">
        <acl entries="0" version="1"/>
    </resource>
    <resource type="BinaryResource" name="dashboard.xql" skip="no" owner="admin" group="dba" mode="775" created="2015-03-06T16:00:37.488+01:00" modified="2015-03-06T16:00:37.488+01:00" filename="dashboard.xql" mimetype="application/xquery">
        <acl entries="0" version="1"/>
    </resource>
    <resource type="BinaryResource" name="restxq.xql" skip="no" owner="admin" group="dba" mode="775" created="2015-03-06T16:00:37.488+01:00" modified="2015-03-06T16:00:37.488+01:00" filename="restxq.xql" mimetype="application/xquery">
        <acl entries="0" version="1"/>
    </resource>
</collection>