<collection xmlns="http://exist.sourceforge.net/NS/exist" name="/db/apps/XSLTForms-Demo/resources/css" version="1" owner="monex" group="monex" mode="775" created="2015-03-06T16:00:53.277+01:00">
    <acl entries="0" version="1"/>
    <resource type="BinaryResource" name="bootstrap-responsive.min.css" skip="no" owner="monex" group="monex" mode="664" created="2015-03-06T16:00:53.277+01:00" modified="2015-03-06T16:00:53.277+01:00" filename="bootstrap-responsive.min.css" mimetype="text/css">
        <acl entries="0" version="1"/>
    </resource>
    <resource type="BinaryResource" name="style.css" skip="no" owner="monex" group="monex" mode="664" created="2015-03-06T16:00:53.277+01:00" modified="2015-03-06T16:00:53.277+01:00" filename="style.css" mimetype="text/css">
        <acl entries="0" version="1"/>
    </resource>
    <resource type="BinaryResource" name="exist.css" skip="no" owner="monex" group="monex" mode="664" created="2015-03-06T16:00:53.277+01:00" modified="2015-03-06T16:00:53.277+01:00" filename="exist.css" mimetype="text/css">
        <acl entries="0" version="1"/>
    </resource>
    <resource type="BinaryResource" name="dropdowns.css" skip="no" owner="monex" group="monex" mode="664" created="2015-03-06T16:00:53.278+01:00" modified="2015-03-06T16:00:53.278+01:00" filename="dropdowns.css" mimetype="text/css">
        <acl entries="0" version="1"/>
    </resource>
    <resource type="BinaryResource" name="bootstrap.min.css" skip="no" owner="monex" group="monex" mode="664" created="2015-03-06T16:00:53.278+01:00" modified="2015-03-06T16:00:53.278+01:00" filename="bootstrap.min.css" mimetype="text/css">
        <acl entries="0" version="1"/>
    </resource>
</collection>