<collection xmlns="http://exist.sourceforge.net/NS/exist" name="/db/apps/demo/examples/urlrewriting" version="1" owner="demo" group="demo" mode="775" created="2015-03-06T16:00:43.06+01:00">
    <acl entries="0" version="1"/>
    <resource type="XMLResource" name="index.html" skip="no" owner="demo" group="demo" mode="775" created="2015-03-06T16:00:43.06+01:00" modified="2015-03-06T16:00:43.06+01:00" filename="index.html" mimetype="text/html">
        <acl entries="0" version="1"/>
    </resource>
    <resource type="XMLResource" name="protected.html" skip="no" owner="demo" group="demo" mode="775" created="2015-03-06T16:00:43.061+01:00" modified="2015-03-06T16:00:43.061+01:00" filename="protected.html" mimetype="text/html">
        <acl entries="0" version="1"/>
    </resource>
    <resource type="XMLResource" name="bad-page.html" skip="no" owner="demo" group="demo" mode="775" created="2015-03-06T16:00:43.062+01:00" modified="2015-03-06T16:00:43.062+01:00" filename="bad-page.html" mimetype="text/html">
        <acl entries="0" version="1"/>
    </resource>
    <resource type="XMLResource" name="login.html" skip="no" owner="demo" group="demo" mode="775" created="2015-03-06T16:00:43.068+01:00" modified="2015-03-06T16:00:43.068+01:00" filename="login.html" mimetype="text/html">
        <acl entries="0" version="1"/>
    </resource>
</collection>