<collection xmlns="http://exist.sourceforge.net/NS/exist" name="/db/apps/dashboard/resources/images" version="1" owner="admin" group="dba" mode="775" created="2015-03-06T16:00:37.317+01:00">
    <acl entries="0" version="1"/>
    <resource type="BinaryResource" name="upload.png" skip="no" owner="admin" group="dba" mode="775" created="2015-03-06T16:00:37.324+01:00" modified="2015-03-06T16:00:37.324+01:00" filename="upload.png" mimetype="image/png">
        <acl entries="0" version="1"/>
    </resource>
    <resource type="BinaryResource" name="favicon.ico" skip="no" owner="admin" group="dba" mode="775" created="2015-03-06T16:00:37.324+01:00" modified="2015-03-06T16:00:37.324+01:00" filename="favicon.ico" mimetype="image/vnd.microsoft.icon">
        <acl entries="0" version="1"/>
    </resource>
    <resource type="BinaryResource" name="user-admin.png" skip="no" owner="admin" group="dba" mode="775" created="2015-03-06T16:00:37.324+01:00" modified="2015-03-06T16:00:37.324+01:00" filename="user-admin.png" mimetype="image/png">
        <acl entries="0" version="1"/>
    </resource>
    <resource type="BinaryResource" name="library.gif" skip="no" owner="admin" group="dba" mode="775" created="2015-03-06T16:00:37.325+01:00" modified="2015-03-06T16:00:37.325+01:00" filename="library.gif" mimetype="image/gif">
        <acl entries="0" version="1"/>
    </resource>
    <resource type="BinaryResource" name="existdb.gif" skip="no" owner="admin" group="dba" mode="775" created="2015-03-06T16:00:37.325+01:00" modified="2015-03-06T16:00:37.325+01:00" filename="existdb.gif" mimetype="image/gif">
        <acl entries="0" version="1"/>
    </resource>
    <resource type="BinaryResource" name="pluss.png" skip="no" owner="admin" group="dba" mode="775" created="2015-03-06T16:00:37.325+01:00" modified="2015-03-06T16:00:37.325+01:00" filename="pluss.png" mimetype="image/png">
        <acl entries="0" version="1"/>
    </resource>
    <resource type="BinaryResource" name="statistic.png" skip="no" owner="admin" group="dba" mode="775" created="2015-03-06T16:00:37.325+01:00" modified="2015-03-06T16:00:37.325+01:00" filename="statistic.png" mimetype="image/png">
        <acl entries="0" version="1"/>
    </resource>
    <resource type="BinaryResource" name="folder.png" skip="no" owner="admin" group="dba" mode="775" created="2015-03-06T16:00:37.326+01:00" modified="2015-03-06T16:00:37.326+01:00" filename="folder.png" mimetype="image/png">
        <acl entries="0" version="1"/>
    </resource>
    <resource type="BinaryResource" name="app.gif" skip="no" owner="admin" group="dba" mode="775" created="2015-03-06T16:00:37.326+01:00" modified="2015-03-06T16:00:37.326+01:00" filename="app.gif" mimetype="image/gif">
        <acl entries="0" version="1"/>
    </resource>
    <resource type="BinaryResource" name="library2.gif" skip="no" owner="admin" group="dba" mode="775" created="2015-03-06T16:00:37.326+01:00" modified="2015-03-06T16:00:37.326+01:00" filename="library2.gif" mimetype="image/gif">
        <acl entries="0" version="1"/>
    </resource>
    <resource type="BinaryResource" name="close_exit.png" skip="no" owner="admin" group="dba" mode="775" created="2015-03-06T16:00:37.326+01:00" modified="2015-03-06T16:00:37.326+01:00" filename="close_exit.png" mimetype="image/png">
        <acl entries="0" version="1"/>
    </resource>
    <resource type="BinaryResource" name="plusss.png" skip="no" owner="admin" group="dba" mode="775" created="2015-03-06T16:00:37.327+01:00" modified="2015-03-06T16:00:37.327+01:00" filename="plusss.png" mimetype="image/png">
        <acl entries="0" version="1"/>
    </resource>
    <resource type="BinaryResource" name="Java-icon.png" skip="no" owner="admin" group="dba" mode="775" created="2015-03-06T16:00:37.327+01:00" modified="2015-03-06T16:00:37.327+01:00" filename="Java-icon.png" mimetype="image/png">
        <acl entries="0" version="1"/>
    </resource>
    <resource type="BinaryResource" name="tooltipConnectorDown.gif" skip="no" owner="admin" group="dba" mode="775" created="2015-03-06T16:00:37.327+01:00" modified="2015-03-06T16:00:37.327+01:00" filename="tooltipConnectorDown.gif" mimetype="image/gif">
        <acl entries="0" version="1"/>
    </resource>
    <resource type="BinaryResource" name="library2-mark.gif" skip="no" owner="admin" group="dba" mode="775" created="2015-03-06T16:00:37.327+01:00" modified="2015-03-06T16:00:37.327+01:00" filename="library2-mark.gif" mimetype="image/gif">
        <acl entries="0" version="1"/>
    </resource>
    <resource type="BinaryResource" name="plus.gif" skip="no" owner="admin" group="dba" mode="775" created="2015-03-06T16:00:37.328+01:00" modified="2015-03-06T16:00:37.328+01:00" filename="plus.gif" mimetype="image/gif">
        <acl entries="0" version="1"/>
    </resource>
    <resource type="BinaryResource" name="plugin.gif" skip="no" owner="admin" group="dba" mode="775" created="2015-03-06T16:00:37.328+01:00" modified="2015-03-06T16:00:37.328+01:00" filename="plugin.gif" mimetype="image/gif">
        <acl entries="0" version="1"/>
    </resource>
    <resource type="BinaryResource" name="package.png" skip="no" owner="admin" group="dba" mode="775" created="2015-03-06T16:00:37.328+01:00" modified="2015-03-06T16:00:37.328+01:00" filename="package.png" mimetype="image/png">
        <acl entries="0" version="1"/>
    </resource>
    <resource type="BinaryResource" name="install.png" skip="no" owner="admin" group="dba" mode="775" created="2015-03-06T16:00:37.328+01:00" modified="2015-03-06T16:00:37.328+01:00" filename="install.png" mimetype="image/png">
        <acl entries="0" version="1"/>
    </resource>
    <resource type="BinaryResource" name="configuration.png" skip="no" owner="admin" group="dba" mode="775" created="2015-03-06T16:00:37.329+01:00" modified="2015-03-06T16:00:37.329+01:00" filename="configuration.png" mimetype="image/png">
        <acl entries="0" version="1"/>
    </resource>
    <resource type="BinaryResource" name="plugin2.gif" skip="no" owner="admin" group="dba" mode="775" created="2015-03-06T16:00:37.329+01:00" modified="2015-03-06T16:00:37.329+01:00" filename="plugin2.gif" mimetype="image/gif">
        <acl entries="0" version="1"/>
    </resource>
    <resource type="BinaryResource" name="remove.png" skip="no" owner="admin" group="dba" mode="775" created="2015-03-06T16:00:37.329+01:00" modified="2015-03-06T16:00:37.329+01:00" filename="remove.png" mimetype="image/png">
        <acl entries="0" version="1"/>
    </resource>
    <resource type="BinaryResource" name="uninstall.png" skip="no" owner="admin" group="dba" mode="775" created="2015-03-06T16:00:37.333+01:00" modified="2015-03-06T16:00:37.333+01:00" filename="uninstall.png" mimetype="image/png">
        <acl entries="0" version="1"/>
    </resource>
    <resource type="BinaryResource" name="delete.png" skip="no" owner="admin" group="dba" mode="775" created="2015-03-06T16:00:37.333+01:00" modified="2015-03-06T16:00:37.333+01:00" filename="delete.png" mimetype="image/png">
        <acl entries="0" version="1"/>
    </resource>
    <resource type="BinaryResource" name="plugin2-mark.gif" skip="no" owner="admin" group="dba" mode="775" created="2015-03-06T16:00:37.333+01:00" modified="2015-03-06T16:00:37.333+01:00" filename="plugin2-mark.gif" mimetype="image/gif">
        <acl entries="0" version="1"/>
    </resource>
    <resource type="BinaryResource" name="existdb.png" skip="no" owner="admin" group="dba" mode="775" created="2015-03-06T16:00:37.333+01:00" modified="2015-03-06T16:00:37.333+01:00" filename="existdb.png" mimetype="image/png">
        <acl entries="0" version="1"/>
    </resource>
    <resource type="BinaryResource" name="dashboard.png" skip="no" owner="admin" group="dba" mode="775" created="2015-03-06T16:00:37.334+01:00" modified="2015-03-06T16:00:37.334+01:00" filename="dashboard.png" mimetype="image/png">
        <acl entries="0" version="1"/>
    </resource>
    <resource type="BinaryResource" name="close.png" skip="no" owner="admin" group="dba" mode="775" created="2015-03-06T16:00:37.334+01:00" modified="2015-03-06T16:00:37.334+01:00" filename="close.png" mimetype="image/png">
        <acl entries="0" version="1"/>
    </resource>
    <resource type="BinaryResource" name="1332878545_user_group.png" skip="no" owner="admin" group="dba" mode="775" created="2015-03-06T16:00:37.334+01:00" modified="2015-03-06T16:00:37.334+01:00" filename="1332878545_user_group.png" mimetype="image/png">
        <acl entries="0" version="1"/>
    </resource>
    <resource type="BinaryResource" name="release-notes.png" skip="no" owner="admin" group="dba" mode="775" created="2015-03-06T16:00:37.334+01:00" modified="2015-03-06T16:00:37.334+01:00" filename="release-notes.png" mimetype="image/png">
        <acl entries="0" version="1"/>
    </resource>
    <resource type="BinaryResource" name="help.png" skip="no" owner="admin" group="dba" mode="775" created="2015-03-06T16:00:37.34+01:00" modified="2015-03-06T16:00:37.34+01:00" filename="help.png" mimetype="image/png">
        <acl entries="0" version="1"/>
    </resource>
    <resource type="BinaryResource" name="config-gear.png" skip="no" owner="admin" group="dba" mode="775" created="2015-03-06T16:00:37.34+01:00" modified="2015-03-06T16:00:37.34+01:00" filename="config-gear.png" mimetype="image/png">
        <acl entries="0" version="1"/>
    </resource>
    <resource type="BinaryResource" name="upload-arrow.png" skip="no" owner="admin" group="dba" mode="775" created="2015-03-06T16:00:37.34+01:00" modified="2015-03-06T16:00:37.34+01:00" filename="upload-arrow.png" mimetype="image/png">
        <acl entries="0" version="1"/>
    </resource>
</collection>