<collection xmlns="http://exist.sourceforge.net/NS/exist" name="/db/apps/dashboard/resources/scripts" version="1" owner="admin" group="dba" mode="775" created="2015-03-06T16:00:37.316+01:00">
    <acl entries="0" version="1"/>
    <resource type="BinaryResource" name="jquery.ui.widget.js" skip="no" owner="admin" group="dba" mode="775" created="2015-03-06T16:00:37.316+01:00" modified="2015-03-06T16:00:37.316+01:00" filename="jquery.ui.widget.js" mimetype="application/x-javascript">
        <acl entries="0" version="1"/>
    </resource>
    <resource type="BinaryResource" name="jquery.fileupload.js" skip="no" owner="admin" group="dba" mode="775" created="2015-03-06T16:00:37.317+01:00" modified="2015-03-06T16:00:37.317+01:00" filename="jquery.fileupload.js" mimetype="application/x-javascript">
        <acl entries="0" version="1"/>
    </resource>
    <resource type="BinaryResource" name="dashboard-1.7.js" skip="no" owner="admin" group="dba" mode="775" created="2015-03-06T16:00:37.317+01:00" modified="2015-03-06T16:00:37.317+01:00" filename="dashboard-1.7.js" mimetype="application/x-javascript">
        <acl entries="0" version="1"/>
    </resource>
</collection>