<collection xmlns="http://exist.sourceforge.net/NS/exist" name="/db/apps/ediarum/modules" version="1" owner="admin" group="dba" mode="755" created="2015-03-18T17:18:55.97+01:00">
    <acl entries="0" version="1"/>
    <resource type="BinaryResource" name="json.xql" skip="no" owner="admin" group="dba" mode="755" created="2015-03-18T17:18:55.971+01:00" modified="2015-03-18T17:18:55.971+01:00" filename="json.xql" mimetype="application/xquery">
        <acl entries="0" version="1"/>
    </resource>
    <resource type="BinaryResource" name="view.xql" skip="no" owner="admin" group="dba" mode="755" created="2015-03-18T17:18:55.97+01:00" modified="2015-03-18T17:18:55.97+01:00" filename="view.xql" mimetype="application/xquery">
        <acl entries="0" version="1"/>
    </resource>
    <resource type="BinaryResource" name="load.xql" skip="no" owner="admin" group="dba" mode="755" created="2015-03-18T17:18:55.97+01:00" modified="2015-03-18T17:18:55.97+01:00" filename="load.xql" mimetype="application/xquery">
        <acl entries="0" version="1"/>
    </resource>
    <resource type="BinaryResource" name="app.xql" skip="no" owner="admin" group="dba" mode="755" created="2015-03-18T17:18:55.97+01:00" modified="2015-03-18T17:18:55.97+01:00" filename="app.xql" mimetype="application/xquery">
        <acl entries="0" version="1"/>
    </resource>
    <resource type="BinaryResource" name="config.xqm" skip="no" owner="admin" group="dba" mode="755" created="2015-03-18T17:18:55.971+01:00" modified="2015-08-18T16:48:52.281+02:00" filename="config.xqm" mimetype="application/xquery">
        <acl entries="0" version="1"/>
    </resource>
    <resource type="BinaryResource" name="ediarum.xql" skip="no" owner="admin" group="dba" mode="755" created="2015-03-18T17:18:55.971+01:00" modified="2015-03-18T17:18:55.971+01:00" filename="ediarum.xql" mimetype="application/xquery">
        <acl entries="0" version="1"/>
    </resource>
</collection>