<collection xmlns="http://exist.sourceforge.net/NS/exist" name="/db/apps/ediarum/setup" version="1" owner="admin" group="dba" mode="755" created="2015-03-18T17:18:55.805+01:00">
    <acl entries="0" version="1"/>
    <resource type="XMLResource" name="setup.xml" skip="no" owner="admin" group="dba" mode="644" created="2015-03-18T17:18:55.805+01:00" modified="2015-03-23T12:17:04.267+01:00" filename="setup.xml" mimetype="application/xml">
        <acl entries="0" version="1"/>
    </resource>
    <resource type="XMLResource" name="briefe.xml" skip="no" owner="admin" group="dba" mode="644" created="2015-03-18T17:18:55.807+01:00" modified="2015-03-18T17:18:55.807+01:00" filename="briefe.xml" mimetype="application/xml">
        <acl entries="0" version="1"/>
    </resource>
    <resource type="XMLResource" name="register.xconf" skip="no" owner="admin" group="dba" mode="644" created="2015-03-18T17:18:55.82+01:00" modified="2015-03-18T17:18:55.82+01:00" filename="register.xconf" mimetype="application/xml">
        <acl entries="0" version="1"/>
    </resource>
    <resource type="BinaryResource" name="ediarum.jar" skip="no" owner="admin" group="dba" mode="644" created="2015-03-18T17:18:55.826+01:00" modified="2015-03-18T17:18:55.826+01:00" filename="ediarum.jar" mimetype="application/octet-stream">
        <acl entries="0" version="1"/>
    </resource>
    <resource type="XMLResource" name="registerBeispiel2.xml" skip="no" owner="admin" group="dba" mode="644" created="2015-03-18T17:18:55.827+01:00" modified="2015-03-18T17:18:55.827+01:00" filename="registerBeispiel2.xml" mimetype="application/xml">
        <acl entries="0" version="1"/>
    </resource>
    <resource type="XMLResource" name="briefBeispiel.xml" skip="no" owner="admin" group="dba" mode="644" created="2015-03-18T17:18:55.842+01:00" modified="2015-03-18T17:18:55.842+01:00" filename="briefBeispiel.xml" mimetype="application/xml">
        <acl entries="0" version="1"/>
    </resource>
    <resource type="XMLResource" name="registerBeispiel1.xml" skip="no" owner="admin" group="dba" mode="644" created="2015-03-18T17:18:55.894+01:00" modified="2015-03-18T17:18:55.894+01:00" filename="registerBeispiel1.xml" mimetype="application/xml">
        <acl entries="0" version="1"/>
    </resource>
    <resource type="XMLResource" name="permissions.xconf" skip="no" owner="admin" group="dba" mode="644" created="2015-03-18T17:18:55.897+01:00" modified="2015-03-18T17:18:55.897+01:00" filename="permissions.xconf" mimetype="application/xml">
        <acl entries="0" version="1"/>
    </resource>
</collection>