<?xml version="1.0" encoding="UTF-8"?>
<?xml-model href="../../../db/apps/ediarum/schemata/tei_all.rnc" type="application/relax-ng-compact-syntax"?><TEI xmlns="http://www.tei-c.org/ns/1.0" xml:lang="de" xml:id="briefBeispiel"><teiHeader><fileDesc><titleStmt><title>An Max Mustermann, Donnerstag, 18.08.1798</title></titleStmt><publicationStmt><p>Gehört zur ediarum-App für eXist.</p></publicationStmt><sourceDesc><p>Hybrid: consult project description and document history for details.</p></sourceDesc></fileDesc><profileDesc><creation><date when="1808-04-17" cert="high">18. August 1798</date><persName type="absender" key="beispielperson4">Musterfrau, Maria</persName><persName type="empfänger" key="beispielperson3">Mustermann, Max</persName></creation></profileDesc></teiHeader><text type="Brief"><body><div type="Schreibakt"><opener><dateline>Berlin, 18. August 1798</dateline><salute>Sehr geehrte Frau Musterfrau,</salute></opener><p>Hier beginnt ein Absatz. Es folgt ein Zeilensprung: <lb/>Und nun gibt es eine
                    unnummerierte Liste:</p><list type="bulleted"><item>ein Eintrag</item><item>noch ein Eintrag</item><item>und ein dritter Eintrag</item></list><p>Als nächstes folgt eine nummerierte Liste: </p><list type="ordered"><item>Erster Punkt</item><item>Zweiter Punkt</item><item>und dritter Punkt</item><item>vielleicht noch ein vierter ...</item></list><p>An dieser Stelle<note resp="Autor" place="am Rand">genau hier: eine lange und
                        noch längere und immer längere und immer längere und immer längere und immer
                        längere und immer längere und immer längere und immer längere und immer
                        längere Fußnote</note> erscheint eine Fußnote des Autors<note resp="Autor" place="oben">und noch eine:-)</note>. Es folgt ein Seitenwechsel 
                    <pb ed="Manuskript" n="2"/> und hier geht es weiter.</p><p>Nun kommen wir zu den Bearbeitungen des Autors. Es gibt die <hi rend="underline">Unterstreichung</hi>, sowie die
                    <del rend="durchgestrichen" prev="die">echte</del> Streichung, weiterhin kann es auch <subst><del rend="überschrieben">Korecktu</del><add>Korrekturen</add></subst> oder <subst><del rend="durchgestrichen">Änderungen</del><add place="über">Ersetzungen</add></subst>, sowie natürlich <add place="über der Zeile">Hinzufügungen</add>
                    geben.</p><p>Jetzt folgt die Textarbeit des Herausgebers. Beim Lesen gibt es
                        <unclear>unsichere</unclear><choice><unclear>Lesarten</unclear><unclear>Lessorten</unclear></choice>, gar nicht lesbare <gap quantity="6" unit="Buchstaben"/> oder auch
                    gestrichene und nicht lesbare <del prev="lesbare" rend="durchgestrichen"><gap quantity="1" unit="Buchstaben"/></del>. Der Herausgeber kann Abk<ex>ürzungen</ex> ausschreiben, fehlende
                        <supplied cert="high">Wörter</supplied> oder <supplied cert="low" prev="oder">Worte</supplied>ergänzen, aber auch <choice><sic>flasche</sic><corr cert="high">falsche</corr></choice> Wörter <choice><sic>korigieren</sic><corr cert="low">korrigieren</corr></choice>. Es gibt auch überflüssige <surplus prev="überflüssige">Worter</surplus> Wörter. Weiterhin kann der Herausgeber eigene <seg type="sachapparat"><orig>Sachanmerkungen</orig><note xml:id="sachanm1">Wie es hier passiert ist und mit <hi rend="underline">Unterstreichung</hi></note></seg> schreiben und auch <seg type="textapparat"><orig>Textanmerkungen</orig><note xml:id="textanm1">So wie hier</note></seg>, er kann auf Textstellen, <anchor type="verweisziel" xml:id="start_textstelle1"/>wie diese hier<anchor type="verweisziel" xml:id="stop_textstelle1"/>, 
                    verweisen (Vgl. <ref target="briefBeispiel.xml#start_textstelle1"/>). Auch Datumsangaben wie <date when="2012-04-17">der heutige Tag</date>, 
                    <date from="2012-04-16" to="2012-04-22">die aktuelle Woche</date> oder <date notBefore="2012-04-13" notAfter="2012-04-17">die letzten paar Tage</date> 
                    können markiert werden.
                    Für das Register können <index spanTo="#index1" indexName="personen" corresp="beispielperson3"><term>Mustermann, Max</term></index>ganze Passagen für Personen und die Person selbst, hier <persName key="beispielperson3" corresp="Mustermann">Mustermann</persName>,
                    <anchor type="indexbereich" xml:id="index1"/> markiert werden, <index spanTo="#index2" indexName="orte" corresp="beispielort1"><term>Afrika</term></index>das gleiche gilt für Orte, hier <placeName key="beispielort1" corresp="Afrika">Afrika</placeName>,<anchor type="indexbereich" xml:id="index2"/> und
                        <index spanTo="#index3" indexName="werke" corresp="beispielwerk"><term>Telefonbuch Berlin</term></index>auch für Werke, hier <bibl sameAs="beispielwerk1" corresp="Telefonbuch">das
                        Telefonbuch</bibl>.<anchor type="indexbereich" xml:id="index3"/> Es
                    folgt der Titel eines Werkes: das <bibl sameAs="beispielwerk1" corresp="Telefonbuch">Telefonbuch von Berlin</bibl>. 
                </p><p>Das Dokument kann auch nicht zu lesende <gap quantity="4" unit="Buchstaben"/>
                    haben oder auch beschädigte <damage/>.</p><lg><l>Oh, wie schön</l><l>ist dieses</l><l>fantastisch-</l><l>e Gedicht!</l></lg><closer rend="eigener Absatz"><salute>Mit freundlichen Grüßen</salute><signed>Max Mustermann</signed></closer></div></body></text></TEI>