<?xml version="1.0" encoding="UTF-8"?>
<?xml-model href="../../../db/apps/ediarum/schemata/tei_all.rnc" type="application/relax-ng-compact-syntax"?><TEI xmlns="http://www.tei-c.org/ns/1.0" xmlns:xsi="http://www.w3.org/2001/XMLSchema-instance"><teiHeader><fileDesc><titleStmt><title>Registereintrag</title></titleStmt><publicationStmt><p>Gehört zur ediarum-App für eXist.</p></publicationStmt><sourceDesc><p>Hybrid: consult project description and document history for details.</p></sourceDesc></fileDesc></teiHeader><text><body><listPerson><person role="Beispielperson"><idno corresp="gnd:118584596 viaf:32197206">beispielperson2</idno><persName>Mozart, Wolfgang Amadeus</persName><sex>männlich</sex><occupation>Komponist</occupation><birth when-iso="1756-01-27">Geborden am 27. Januar 1756 in Salzburg.</birth><death when-iso="1791-12-05">Gestorben am 5. Dezember 1791 in Wien.</death></person></listPerson></body></text></TEI>