<?xml version="1.0" encoding="UTF-8"?>
<?xml-model href="../../../db/apps/ediarum/schemata/tei_all.rnc" type="application/relax-ng-compact-syntax"?><TEI xmlns="http://www.tei-c.org/ns/1.0" xmlns:xsi="http://www.w3.org/2001/XMLSchema-instance"><teiHeader><fileDesc><titleStmt><title>Registereintrag</title></titleStmt><publicationStmt><p>Gehört zur ediarum-App für eXist.</p></publicationStmt><sourceDesc><p>Hybrid: consult project description and document history for details.</p></sourceDesc></fileDesc></teiHeader><text><body><listPerson><person role="Beispielperson"><idno corresp="gnd:11850553X viaf:12304462">beispielperson1</idno><persName>Bach, Johann Sebastian</persName><sex>männlich</sex><occupation>Komponist</occupation><birth when-iso="1685">1685 in Eisenach</birth><event type="Vita" when="1750" where="Leipzig"><desc>Gestorben 1750 in Leipzig.</desc></event></person></listPerson></body></text></TEI>