<collection xmlns="http://exist.sourceforge.net/NS/exist" name="/db/apps/demo/modules" version="1" owner="demo" group="demo" mode="775" created="2015-03-06T16:00:43.084+01:00">
    <acl entries="0" version="1"/>
    <resource type="BinaryResource" name="i18n.xql" skip="no" owner="demo" group="demo" mode="775" created="2015-03-06T16:00:43.349+01:00" modified="2015-03-06T16:00:43.349+01:00" filename="i18n.xql" mimetype="application/xquery">
        <acl entries="0" version="1"/>
    </resource>
    <resource type="BinaryResource" name="config.xqm" skip="no" owner="demo" group="demo" mode="775" created="2015-03-06T16:00:43.409+01:00" modified="2015-03-06T16:00:43.409+01:00" filename="config.xqm" mimetype="application/xquery">
        <acl entries="0" version="1"/>
    </resource>
    <resource type="BinaryResource" name="cex.xql" skip="no" owner="demo" group="demo" mode="775" created="2015-03-06T16:00:45.529+01:00" modified="2015-03-06T16:00:45.529+01:00" filename="cex.xql" mimetype="application/xquery">
        <acl entries="0" version="1"/>
    </resource>
    <resource type="BinaryResource" name="i18n-templates.xql" skip="no" owner="demo" group="demo" mode="775" created="2015-03-06T16:00:45.734+01:00" modified="2015-03-06T16:00:45.734+01:00" filename="i18n-templates.xql" mimetype="application/xquery">
        <acl entries="0" version="1"/>
    </resource>
    <resource type="BinaryResource" name="cex-trigger.xql" skip="no" owner="demo" group="demo" mode="775" created="2015-03-06T16:00:45.941+01:00" modified="2015-03-06T16:00:45.941+01:00" filename="cex-trigger.xql" mimetype="application/xquery">
        <acl entries="0" version="1"/>
    </resource>
    <resource type="BinaryResource" name="view.xql" skip="no" owner="demo" group="demo" mode="775" created="2015-03-06T16:00:43.085+01:00" modified="2015-03-06T16:00:43.085+01:00" filename="view.xql" mimetype="application/xquery">
        <acl entries="0" version="1"/>
    </resource>
    <resource type="BinaryResource" name="demo.xql" skip="no" owner="demo" group="demo" mode="775" created="2015-03-06T16:00:43.335+01:00" modified="2015-03-06T16:00:43.335+01:00" filename="demo.xql" mimetype="application/xquery">
        <acl entries="0" version="1"/>
    </resource>
</collection>