<collection xmlns="http://exist.sourceforge.net/NS/exist" name="/db/apps/demo/examples/basic" version="1" owner="demo" group="demo" mode="775" created="2015-03-06T16:00:42.446+01:00">
    <acl entries="0" version="1"/>
    <resource type="XMLResource" name="mondial.html" skip="no" owner="demo" group="demo" mode="775" created="2015-03-06T16:00:42.446+01:00" modified="2015-03-06T16:00:42.446+01:00" filename="mondial.html" mimetype="text/html">
        <acl entries="0" version="1"/>
    </resource>
    <resource type="XMLResource" name="hof.html" skip="no" owner="demo" group="demo" mode="775" created="2015-03-06T16:00:42.455+01:00" modified="2015-03-06T16:00:42.455+01:00" filename="hof.html" mimetype="text/html">
        <acl entries="0" version="1"/>
    </resource>
    <resource type="XMLResource" name="DemoValidation-Invalid.xml" skip="no" owner="demo" group="demo" mode="775" created="2015-03-06T16:00:42.457+01:00" modified="2015-03-06T16:00:42.457+01:00" filename="DemoValidation-Invalid.xml" mimetype="application/xml">
        <acl entries="0" version="1"/>
    </resource>
    <resource type="XMLResource" name="trycatch.html" skip="no" owner="demo" group="demo" mode="775" created="2015-03-06T16:00:42.458+01:00" modified="2015-03-06T16:00:42.458+01:00" filename="trycatch.html" mimetype="text/html">
        <acl entries="0" version="1"/>
    </resource>
    <resource type="XMLResource" name="xslt.html" skip="no" owner="demo" group="demo" mode="775" created="2015-03-06T16:00:42.46+01:00" modified="2015-03-06T16:00:42.46+01:00" filename="xslt.html" mimetype="text/html">
        <acl entries="0" version="1"/>
    </resource>
    <resource type="XMLResource" name="groupby.html" skip="no" owner="demo" group="demo" mode="775" created="2015-03-06T16:00:42.461+01:00" modified="2015-03-06T16:00:42.461+01:00" filename="groupby.html" mimetype="text/html">
        <acl entries="0" version="1"/>
    </resource>
    <resource type="XMLResource" name="xq3operators.html" skip="no" owner="demo" group="demo" mode="775" created="2015-03-06T16:00:42.462+01:00" modified="2015-03-06T16:00:42.462+01:00" filename="xq3operators.html" mimetype="text/html">
        <acl entries="0" version="1"/>
    </resource>
    <resource type="XMLResource" name="validation.html" skip="no" owner="demo" group="demo" mode="775" created="2015-03-06T16:00:42.463+01:00" modified="2015-03-06T16:00:42.463+01:00" filename="validation.html" mimetype="text/html">
        <acl entries="0" version="1"/>
    </resource>
    <resource type="XMLResource" name="ConvertItems.xsl" skip="no" owner="demo" group="demo" mode="775" created="2015-03-06T16:00:42.467+01:00" modified="2015-03-06T16:00:42.467+01:00" filename="ConvertItems.xsl" mimetype="application/xslt+xml">
        <acl entries="0" version="1"/>
    </resource>
    <resource type="XMLResource" name="DemoValidation-Valid.xml" skip="no" owner="demo" group="demo" mode="775" created="2015-03-06T16:00:42.468+01:00" modified="2015-03-06T16:00:42.468+01:00" filename="DemoValidation-Valid.xml" mimetype="application/xml">
        <acl entries="0" version="1"/>
    </resource>
    <resource type="XMLResource" name="Items.xml" skip="no" owner="demo" group="demo" mode="775" created="2015-03-06T16:00:42.469+01:00" modified="2015-03-06T16:00:42.469+01:00" filename="Items.xml" mimetype="application/xml">
        <acl entries="0" version="1"/>
    </resource>
    <resource type="XMLResource" name="xquery3.html" skip="no" owner="demo" group="demo" mode="775" created="2015-03-06T16:00:42.47+01:00" modified="2015-03-06T16:00:42.47+01:00" filename="xquery3.html" mimetype="text/html">
        <acl entries="0" version="1"/>
    </resource>
    <resource type="XMLResource" name="switch.html" skip="no" owner="demo" group="demo" mode="775" created="2015-03-06T16:00:42.475+01:00" modified="2015-03-06T16:00:42.475+01:00" filename="switch.html" mimetype="text/html">
        <acl entries="0" version="1"/>
    </resource>
    <resource type="XMLResource" name="hello.html" skip="no" owner="demo" group="demo" mode="775" created="2015-03-06T16:00:42.476+01:00" modified="2015-03-06T16:00:42.476+01:00" filename="hello.html" mimetype="text/html">
        <acl entries="0" version="1"/>
    </resource>
    <resource type="XMLResource" name="basics.html" skip="no" owner="demo" group="demo" mode="775" created="2015-03-06T16:00:42.477+01:00" modified="2015-03-06T16:00:42.477+01:00" filename="basics.html" mimetype="text/html">
        <acl entries="0" version="1"/>
    </resource>
    <resource type="XMLResource" name="fulltext.html" skip="no" owner="demo" group="demo" mode="775" created="2015-03-06T16:00:42.483+01:00" modified="2015-03-06T16:00:42.483+01:00" filename="fulltext.html" mimetype="text/html">
        <acl entries="0" version="1"/>
    </resource>
    <resource type="XMLResource" name="htmlgenerate.html" skip="no" owner="demo" group="demo" mode="775" created="2015-03-06T16:00:42.484+01:00" modified="2015-03-06T16:00:42.484+01:00" filename="htmlgenerate.html" mimetype="text/html">
        <acl entries="0" version="1"/>
    </resource>
    <resource type="XMLResource" name="DemoValidation.xsd" skip="no" owner="demo" group="demo" mode="775" created="2015-03-06T16:00:42.485+01:00" modified="2015-03-06T16:00:42.485+01:00" filename="DemoValidation.xsd" mimetype="application/xml">
        <acl entries="0" version="1"/>
    </resource>
    <resource type="XMLResource" name="functions.html" skip="no" owner="demo" group="demo" mode="775" created="2015-03-06T16:00:42.486+01:00" modified="2015-03-06T16:00:42.486+01:00" filename="functions.html" mimetype="text/html">
        <acl entries="0" version="1"/>
    </resource>
    <resource type="XMLResource" name="maps.html" skip="no" owner="demo" group="demo" mode="775" created="2015-03-06T16:00:42.491+01:00" modified="2015-03-06T16:00:42.491+01:00" filename="maps.html" mimetype="text/html">
        <acl entries="0" version="1"/>
    </resource>
</collection>