<collection xmlns="http://exist.sourceforge.net/NS/exist" name="/db/apps/demo/examples" version="1" owner="demo" group="demo" mode="775" created="2015-03-06T16:00:42.149+01:00">
    <acl entries="0" version="1"/>
    <subcollection name="xforms" filename="xforms"/>
    <subcollection name="web" filename="web"/>
    <subcollection name="basic" filename="basic"/>
    <subcollection name="urlrewriting" filename="urlrewriting"/>
    <subcollection name="contacts" filename="contacts"/>
    <subcollection name="tests" filename="tests"/>
    <subcollection name="special" filename="special"/>
    <subcollection name="templating" filename="templating"/>
</collection>