<collection xmlns="http://exist.sourceforge.net/NS/exist" name="/db/apps/betterform/reference" version="1" owner="admin" group="dba" mode="775" created="2015-03-06T16:00:35.897+01:00">
    <acl entries="0" version="1"/>
    <resource type="XMLResource" name="intro.html" skip="no" owner="admin" group="dba" mode="775" created="2015-03-06T16:00:35.897+01:00" modified="2015-03-06T16:00:35.897+01:00" filename="intro.html" mimetype="text/html">
        <acl entries="0" version="1"/>
    </resource>
    <resource type="XMLResource" name="AlertDefault.xhtml" skip="no" owner="admin" group="dba" mode="775" created="2015-03-06T16:00:35.907+01:00" modified="2015-03-06T16:00:35.907+01:00" filename="AlertDefault.xhtml" mimetype="application/xhtml+xml">
        <acl entries="0" version="1"/>
    </resource>
    <resource type="XMLResource" name="TriggerCSSImage.xhtml" skip="no" owner="admin" group="dba" mode="775" created="2015-03-06T16:00:35.933+01:00" modified="2015-03-06T16:00:35.933+01:00" filename="TriggerCSSImage.xhtml" mimetype="application/xhtml+xml">
        <acl entries="0" version="1"/>
    </resource>
    <resource type="XMLResource" name="RepeatCompact.xhtml" skip="no" owner="admin" group="dba" mode="775" created="2015-03-06T16:00:35.95+01:00" modified="2015-03-06T16:00:35.95+01:00" filename="RepeatCompact.xhtml" mimetype="application/xhtml+xml">
        <acl entries="0" version="1"/>
    </resource>
    <resource type="XMLResource" name="TextareaGrowing.xhtml" skip="no" owner="admin" group="dba" mode="775" created="2015-03-06T16:00:35.981+01:00" modified="2015-03-06T16:00:35.981+01:00" filename="TextareaGrowing.xhtml" mimetype="application/xhtml+xml">
        <acl entries="0" version="1"/>
    </resource>
    <resource type="XMLResource" name="InputCalendarAndTime.xhtml" skip="no" owner="admin" group="dba" mode="775" created="2015-03-06T16:00:36.003+01:00" modified="2015-03-06T16:00:36.003+01:00" filename="InputCalendarAndTime.xhtml" mimetype="application/xhtml+xml">
        <acl entries="0" version="1"/>
    </resource>
    <resource type="XMLResource" name="LoadNew.xhtml" skip="no" owner="admin" group="dba" mode="775" created="2015-03-06T16:00:36.02+01:00" modified="2015-03-06T16:00:36.02+01:00" filename="LoadNew.xhtml" mimetype="application/xhtml+xml">
        <acl entries="0" version="1"/>
    </resource>
    <resource type="XMLResource" name="container-overview.html" skip="no" owner="admin" group="dba" mode="775" created="2015-03-06T16:00:36.029+01:00" modified="2015-03-06T16:00:36.029+01:00" filename="container-overview.html" mimetype="text/html">
        <acl entries="0" version="1"/>
    </resource>
    <resource type="XMLResource" name="TriggerImage.xhtml" skip="no" owner="admin" group="dba" mode="775" created="2015-03-06T16:00:36.03+01:00" modified="2015-03-06T16:00:36.03+01:00" filename="TriggerImage.xhtml" mimetype="application/xhtml+xml">
        <acl entries="0" version="1"/>
    </resource>
    <resource type="XMLResource" name="OutputDefault.xhtml" skip="no" owner="admin" group="dba" mode="775" created="2015-03-06T16:00:36.05+01:00" modified="2015-03-06T16:00:36.05+01:00" filename="OutputDefault.xhtml" mimetype="application/xhtml+xml">
        <acl entries="0" version="1"/>
    </resource>
    <resource type="XMLResource" name="GroupDefault.xhtml" skip="no" owner="admin" group="dba" mode="775" created="2015-03-06T16:00:36.068+01:00" modified="2015-03-06T16:00:36.068+01:00" filename="GroupDefault.xhtml" mimetype="application/xhtml+xml">
        <acl entries="0" version="1"/>
    </resource>
    <resource type="XMLResource" name="GroupFocus.xhtml" skip="no" owner="admin" group="dba" mode="775" created="2015-03-06T16:00:36.091+01:00" modified="2015-03-06T16:00:36.091+01:00" filename="GroupFocus.xhtml" mimetype="application/xhtml+xml">
        <acl entries="0" version="1"/>
    </resource>
    <resource type="XMLResource" name="Select1Open.xhtml" skip="no" owner="admin" group="dba" mode="775" created="2015-03-06T16:00:36.098+01:00" modified="2015-03-06T16:00:36.098+01:00" filename="Select1Open.xhtml" mimetype="application/xhtml+xml">
        <acl entries="0" version="1"/>
    </resource>
    <resource type="XMLResource" name="GroupCompact.xhtml" skip="no" owner="admin" group="dba" mode="775" created="2015-03-06T16:00:36.12+01:00" modified="2015-03-06T16:00:36.12+01:00" filename="GroupCompact.xhtml" mimetype="application/xhtml+xml">
        <acl entries="0" version="1"/>
    </resource>
    <resource type="XMLResource" name="InputCheckbox.xhtml" skip="no" owner="admin" group="dba" mode="775" created="2015-03-06T16:00:36.14+01:00" modified="2015-03-06T16:00:36.14+01:00" filename="InputCheckbox.xhtml" mimetype="application/xhtml+xml">
        <acl entries="0" version="1"/>
    </resource>
    <resource type="XMLResource" name="OutputLink.xhtml" skip="no" owner="admin" group="dba" mode="775" created="2015-03-06T16:00:36.154+01:00" modified="2015-03-06T16:00:36.154+01:00" filename="OutputLink.xhtml" mimetype="application/xhtml+xml">
        <acl entries="0" version="1"/>
    </resource>
    <resource type="XMLResource" name="Select1List.xhtml" skip="no" owner="admin" group="dba" mode="775" created="2015-03-06T16:00:36.175+01:00" modified="2015-03-06T16:00:36.175+01:00" filename="Select1List.xhtml" mimetype="application/xhtml+xml">
        <acl entries="0" version="1"/>
    </resource>
    <resource type="XMLResource" name="ModelToModelSubmission.xhtml" skip="no" owner="admin" group="dba" mode="775" created="2015-03-06T16:00:36.193+01:00" modified="2015-03-06T16:00:36.193+01:00" filename="ModelToModelSubmission.xhtml" mimetype="application/xhtml+xml">
        <acl entries="0" version="1"/>
    </resource>
    <resource type="XMLResource" name="Secret.xhtml" skip="no" owner="admin" group="dba" mode="775" created="2015-03-06T16:00:36.208+01:00" modified="2015-03-06T16:00:36.208+01:00" filename="Secret.xhtml" mimetype="application/xhtml+xml">
        <acl entries="0" version="1"/>
    </resource>
    <resource type="XMLResource" name="FeatureExplorer.xhtml" skip="no" owner="admin" group="dba" mode="775" created="2015-03-06T16:00:36.224+01:00" modified="2015-03-06T16:00:36.224+01:00" filename="FeatureExplorer.xhtml" mimetype="application/xhtml+xml">
        <acl entries="0" version="1"/>
    </resource>
    <resource type="XMLResource" name="LoadEmbed.xhtml" skip="no" owner="admin" group="dba" mode="775" created="2015-03-06T16:00:36.282+01:00" modified="2015-03-06T16:00:36.282+01:00" filename="LoadEmbed.xhtml" mimetype="application/xhtml+xml">
        <acl entries="0" version="1"/>
    </resource>
    <resource type="XMLResource" name="control-overview.html" skip="no" owner="admin" group="dba" mode="775" created="2015-03-06T16:00:36.292+01:00" modified="2015-03-06T16:00:36.292+01:00" filename="control-overview.html" mimetype="text/html">
        <acl entries="0" version="1"/>
    </resource>
    <resource type="XMLResource" name="Dialog.xhtml" skip="no" owner="admin" group="dba" mode="775" created="2015-03-06T16:00:36.303+01:00" modified="2015-03-06T16:00:36.303+01:00" filename="Dialog.xhtml" mimetype="application/xhtml+xml">
        <acl entries="0" version="1"/>
    </resource>
    <resource type="XMLResource" name="TriggerButton.xhtml" skip="no" owner="admin" group="dba" mode="775" created="2015-03-06T16:00:36.318+01:00" modified="2015-03-06T16:00:36.318+01:00" filename="TriggerButton.xhtml" mimetype="application/xhtml+xml">
        <acl entries="0" version="1"/>
    </resource>
    <resource type="XMLResource" name="GroupVerticalTable.xhtml" skip="no" owner="admin" group="dba" mode="775" created="2015-03-06T16:00:36.336+01:00" modified="2015-03-06T16:00:36.336+01:00" filename="GroupVerticalTable.xhtml" mimetype="application/xhtml+xml">
        <acl entries="0" version="1"/>
    </resource>
    <resource type="XMLResource" name="RepeatFull.xhtml" skip="no" owner="admin" group="dba" mode="775" created="2015-03-06T16:00:36.357+01:00" modified="2015-03-06T16:00:36.357+01:00" filename="RepeatFull.xhtml" mimetype="application/xhtml+xml">
        <acl entries="0" version="1"/>
    </resource>
    <resource type="XMLResource" name="InputDropDownDate.xhtml" skip="no" owner="admin" group="dba" mode="775" created="2015-03-06T16:00:36.375+01:00" modified="2015-03-06T16:00:36.375+01:00" filename="InputDropDownDate.xhtml" mimetype="application/xhtml+xml">
        <acl entries="0" version="1"/>
    </resource>
    <resource type="XMLResource" name="EmbedHTML.xhtml" skip="no" owner="admin" group="dba" mode="775" created="2015-03-06T16:00:36.4+01:00" modified="2015-03-06T16:00:36.4+01:00" filename="EmbedHTML.xhtml" mimetype="application/xhtml+xml">
        <acl entries="0" version="1"/>
    </resource>
    <resource type="XMLResource" name="SelectCheckboxes.xhtml" skip="no" owner="admin" group="dba" mode="775" created="2015-03-06T16:00:36.408+01:00" modified="2015-03-06T16:00:36.408+01:00" filename="SelectCheckboxes.xhtml" mimetype="application/xhtml+xml">
        <acl entries="0" version="1"/>
    </resource>
    <resource type="XMLResource" name="OutputHTML.xhtml" skip="no" owner="admin" group="dba" mode="775" created="2015-03-06T16:00:36.422+01:00" modified="2015-03-06T16:00:36.422+01:00" filename="OutputHTML.xhtml" mimetype="application/xhtml+xml">
        <acl entries="0" version="1"/>
    </resource>
    <resource type="XMLResource" name="RangeRating.xhtml" skip="no" owner="admin" group="dba" mode="775" created="2015-03-06T16:00:36.443+01:00" modified="2015-03-06T16:00:36.443+01:00" filename="RangeRating.xhtml" mimetype="application/xhtml+xml">
        <acl entries="0" version="1"/>
    </resource>
    <resource type="XMLResource" name="SelectList.xhtml" skip="no" owner="admin" group="dba" mode="775" created="2015-03-06T16:00:36.458+01:00" modified="2015-03-06T16:00:36.458+01:00" filename="SelectList.xhtml" mimetype="application/xhtml+xml">
        <acl entries="0" version="1"/>
    </resource>
    <resource type="XMLResource" name="OutputImage.xhtml" skip="no" owner="admin" group="dba" mode="775" created="2015-03-06T16:00:36.483+01:00" modified="2015-03-06T16:00:36.483+01:00" filename="OutputImage.xhtml" mimetype="application/xhtml+xml">
        <acl entries="0" version="1"/>
    </resource>
    <resource type="XMLResource" name="Select1RadioButton.xhtml" skip="no" owner="admin" group="dba" mode="775" created="2015-03-06T16:00:36.508+01:00" modified="2015-03-06T16:00:36.508+01:00" filename="Select1RadioButton.xhtml" mimetype="application/xhtml+xml">
        <acl entries="0" version="1"/>
    </resource>
    <resource type="XMLResource" name="InputTime.xhtml" skip="no" owner="admin" group="dba" mode="775" created="2015-03-06T16:00:36.527+01:00" modified="2015-03-06T16:00:36.527+01:00" filename="InputTime.xhtml" mimetype="application/xhtml+xml">
        <acl entries="0" version="1"/>
    </resource>
    <resource type="XMLResource" name="InputText.xhtml" skip="no" owner="admin" group="dba" mode="775" created="2015-03-06T16:00:36.549+01:00" modified="2015-03-06T16:00:36.549+01:00" filename="InputText.xhtml" mimetype="application/xhtml+xml">
        <acl entries="0" version="1"/>
    </resource>
    <resource type="XMLResource" name="Select1Combobox.xhtml" skip="no" owner="admin" group="dba" mode="775" created="2015-03-06T16:00:36.568+01:00" modified="2015-03-06T16:00:36.568+01:00" filename="Select1Combobox.xhtml" mimetype="application/xhtml+xml">
        <acl entries="0" version="1"/>
    </resource>
    <resource type="XMLResource" name="InputCalendarWithDatePattern.xhtml" skip="no" owner="admin" group="dba" mode="775" created="2015-03-06T16:00:36.59+01:00" modified="2015-03-06T16:00:36.59+01:00" filename="InputCalendarWithDatePattern.xhtml" mimetype="application/xhtml+xml">
        <acl entries="0" version="1"/>
    </resource>
    <resource type="XMLResource" name="AVTThemeSwitcher.xhtml" skip="no" owner="admin" group="dba" mode="775" created="2015-03-06T16:00:36.616+01:00" modified="2015-03-06T16:00:36.616+01:00" filename="AVTThemeSwitcher.xhtml" mimetype="application/xhtml+xml">
        <acl entries="0" version="1"/>
    </resource>
    <resource type="XMLResource" name="InputTextHintHelp.xhtml" skip="no" owner="admin" group="dba" mode="775" created="2015-03-06T16:00:36.628+01:00" modified="2015-03-06T16:00:36.628+01:00" filename="InputTextHintHelp.xhtml" mimetype="application/xhtml+xml">
        <acl entries="0" version="1"/>
    </resource>
    <resource type="XMLResource" name="InputCalendar.xhtml" skip="no" owner="admin" group="dba" mode="775" created="2015-03-06T16:00:36.642+01:00" modified="2015-03-06T16:00:36.642+01:00" filename="InputCalendar.xhtml" mimetype="application/xhtml+xml">
        <acl entries="0" version="1"/>
    </resource>
    <resource type="XMLResource" name="AlertDefaultTypes.xhtml" skip="no" owner="admin" group="dba" mode="775" created="2015-03-06T16:00:36.658+01:00" modified="2015-03-06T16:00:36.658+01:00" filename="AlertDefaultTypes.xhtml" mimetype="application/xhtml+xml">
        <acl entries="0" version="1"/>
    </resource>
    <resource type="XMLResource" name="GroupFull.xhtml" skip="no" owner="admin" group="dba" mode="775" created="2015-03-06T16:00:36.68+01:00" modified="2015-03-06T16:00:36.68+01:00" filename="GroupFull.xhtml" mimetype="application/xhtml+xml">
        <acl entries="0" version="1"/>
    </resource>
    <resource type="XMLResource" name="UploadhexBinary.xhtml" skip="no" owner="admin" group="dba" mode="775" created="2015-03-06T16:00:36.697+01:00" modified="2015-03-06T16:00:36.697+01:00" filename="UploadhexBinary.xhtml" mimetype="application/xhtml+xml">
        <acl entries="0" version="1"/>
    </resource>
    <resource type="BinaryResource" name="reference.css" skip="no" owner="admin" group="dba" mode="775" created="2015-03-06T16:00:36.714+01:00" modified="2015-03-06T16:00:36.714+01:00" filename="reference.css" mimetype="text/css">
        <acl entries="0" version="1"/>
    </resource>
    <resource type="XMLResource" name="SwitchTabContainer.xhtml" skip="no" owner="admin" group="dba" mode="775" created="2015-03-06T16:00:36.714+01:00" modified="2015-03-06T16:00:36.714+01:00" filename="SwitchTabContainer.xhtml" mimetype="application/xhtml+xml">
        <acl entries="0" version="1"/>
    </resource>
    <resource type="XMLResource" name="TriggerLink.xhtml" skip="no" owner="admin" group="dba" mode="775" created="2015-03-06T16:00:36.735+01:00" modified="2015-03-06T16:00:36.735+01:00" filename="TriggerLink.xhtml" mimetype="application/xhtml+xml">
        <acl entries="0" version="1"/>
    </resource>
    <resource type="XMLResource" name="TextareaHTML.xhtml" skip="no" owner="admin" group="dba" mode="775" created="2015-03-06T16:00:36.752+01:00" modified="2015-03-06T16:00:36.752+01:00" filename="TextareaHTML.xhtml" mimetype="application/xhtml+xml">
        <acl entries="0" version="1"/>
    </resource>
    <resource type="XMLResource" name="Uploadbase64.xhtml" skip="no" owner="admin" group="dba" mode="775" created="2015-03-06T16:00:36.767+01:00" modified="2015-03-06T16:00:36.767+01:00" filename="Uploadbase64.xhtml" mimetype="application/xhtml+xml">
        <acl entries="0" version="1"/>
    </resource>
    <resource type="XMLResource" name="UploadFile.xhtml" skip="no" owner="admin" group="dba" mode="775" created="2015-03-06T16:00:36.781+01:00" modified="2015-03-06T16:00:36.781+01:00" filename="UploadFile.xhtml" mimetype="application/xhtml+xml">
        <acl entries="0" version="1"/>
    </resource>
    <resource type="XMLResource" name="SwitchPlain.xhtml" skip="no" owner="admin" group="dba" mode="775" created="2015-03-06T16:00:36.802+01:00" modified="2015-03-06T16:00:36.802+01:00" filename="SwitchPlain.xhtml" mimetype="application/xhtml+xml">
        <acl entries="0" version="1"/>
    </resource>
    <resource type="XMLResource" name="AlertTooltip.xhtml" skip="no" owner="admin" group="dba" mode="775" created="2015-03-06T16:00:36.821+01:00" modified="2015-03-06T16:00:36.821+01:00" filename="AlertTooltip.xhtml" mimetype="application/xhtml+xml">
        <acl entries="0" version="1"/>
    </resource>
    <resource type="XMLResource" name="TriggerLinkedImage.xhtml" skip="no" owner="admin" group="dba" mode="775" created="2015-03-06T16:00:36.844+01:00" modified="2015-03-06T16:00:36.844+01:00" filename="TriggerLinkedImage.xhtml" mimetype="application/xhtml+xml">
        <acl entries="0" version="1"/>
    </resource>
    <resource type="XMLResource" name="GroupVerticalTableComplex.xhtml" skip="no" owner="admin" group="dba" mode="775" created="2015-03-06T16:00:36.859+01:00" modified="2015-03-06T16:00:36.859+01:00" filename="GroupVerticalTableComplex.xhtml" mimetype="application/xhtml+xml">
        <acl entries="0" version="1"/>
    </resource>
    <resource type="XMLResource" name="RangeSlider.xhtml" skip="no" owner="admin" group="dba" mode="775" created="2015-03-06T16:00:36.91+01:00" modified="2015-03-06T16:00:36.91+01:00" filename="RangeSlider.xhtml" mimetype="application/xhtml+xml">
        <acl entries="0" version="1"/>
    </resource>
    <resource type="XMLResource" name="SelectListOpen.xhtml" skip="no" owner="admin" group="dba" mode="775" created="2015-03-06T16:00:36.926+01:00" modified="2015-03-06T16:00:36.926+01:00" filename="SelectListOpen.xhtml" mimetype="application/xhtml+xml">
        <acl entries="0" version="1"/>
    </resource>
    <resource type="XMLResource" name="GroupHorizontalTable.xhtml" skip="no" owner="admin" group="dba" mode="775" created="2015-03-06T16:00:36.948+01:00" modified="2015-03-06T16:00:36.948+01:00" filename="GroupHorizontalTable.xhtml" mimetype="application/xhtml+xml">
        <acl entries="0" version="1"/>
    </resource>
    <resource type="XMLResource" name="TextareaSimple.xhtml" skip="no" owner="admin" group="dba" mode="775" created="2015-03-06T16:00:36.977+01:00" modified="2015-03-06T16:00:36.977+01:00" filename="TextareaSimple.xhtml" mimetype="application/xhtml+xml">
        <acl entries="0" version="1"/>
    </resource>
    <resource type="XMLResource" name="GroupMinimal.xhtml" skip="no" owner="admin" group="dba" mode="775" created="2015-03-06T16:00:36.997+01:00" modified="2015-03-06T16:00:36.997+01:00" filename="GroupMinimal.xhtml" mimetype="application/xhtml+xml">
        <acl entries="0" version="1"/>
    </resource>
    <resource type="XMLResource" name="RepeatTable.xhtml" skip="no" owner="admin" group="dba" mode="775" created="2015-03-06T16:00:37.015+01:00" modified="2015-03-06T16:00:37.015+01:00" filename="RepeatTable.xhtml" mimetype="application/xhtml+xml">
        <acl entries="0" version="1"/>
    </resource>
    <subcollection name="images" filename="images"/>
    <subcollection name="resources" filename="resources"/>
</collection>