<collection xmlns="http://exist.sourceforge.net/NS/exist" name="/db/apps/XSLTForms-Demo/data" version="1" owner="monex" group="monex" mode="775" created="2015-03-06T16:00:53.278+01:00">
    <acl entries="0" version="1"/>
    <resource type="XMLResource" name="hello2.xml" skip="no" owner="monex" group="monex" mode="664" created="2015-03-06T16:00:53.37+01:00" modified="2015-03-06T16:00:53.37+01:00" filename="hello2.xml" mimetype="application/xml">
        <acl entries="0" version="1"/>
    </resource>
    <resource type="XMLResource" name="cascading-selects.xhtml" skip="no" owner="monex" group="monex" mode="664" created="2015-03-06T16:00:53.376+01:00" modified="2015-03-06T16:00:53.376+01:00" filename="cascading-selects.xhtml" mimetype="application/xhtml+xml">
        <acl entries="0" version="1"/>
    </resource>
    <resource type="XMLResource" name="books.xml" skip="no" owner="monex" group="monex" mode="664" created="2015-03-06T16:00:53.377+01:00" modified="2015-03-06T16:00:53.377+01:00" filename="books.xml" mimetype="application/xml">
        <acl entries="0" version="1"/>
    </resource>
    <resource type="XMLResource" name="select1.xml" skip="no" owner="monex" group="monex" mode="664" created="2015-03-06T16:00:53.378+01:00" modified="2015-03-06T16:00:53.378+01:00" filename="select1.xml" mimetype="application/xml">
        <acl entries="0" version="1"/>
    </resource>
    <resource type="XMLResource" name="input.xml" skip="no" owner="monex" group="monex" mode="664" created="2015-03-06T16:00:53.383+01:00" modified="2015-03-06T16:00:53.383+01:00" filename="input.xml" mimetype="application/xml">
        <acl entries="0" version="1"/>
    </resource>
    <resource type="XMLResource" name="xpath.xhtml" skip="no" owner="monex" group="monex" mode="664" created="2015-03-06T16:00:53.384+01:00" modified="2015-03-06T16:00:53.384+01:00" filename="xpath.xhtml" mimetype="application/xhtml+xml">
        <acl entries="0" version="1"/>
    </resource>
    <resource type="XMLResource" name="XMLSchemaTypeCode.xml" skip="no" owner="monex" group="monex" mode="664" created="2015-03-06T16:00:53.392+01:00" modified="2015-03-06T16:00:53.392+01:00" filename="XMLSchemaTypeCode.xml" mimetype="application/xml">
        <acl entries="0" version="1"/>
    </resource>
    <resource type="XMLResource" name="bookmarks.xml" skip="no" owner="monex" group="monex" mode="664" created="2015-03-06T16:00:53.394+01:00" modified="2015-03-06T16:00:53.394+01:00" filename="bookmarks.xml" mimetype="application/xml">
        <acl entries="0" version="1"/>
    </resource>
    <resource type="XMLResource" name="css.xml" skip="no" owner="monex" group="monex" mode="664" created="2015-03-06T16:00:53.399+01:00" modified="2015-03-06T16:00:53.399+01:00" filename="css.xml" mimetype="application/xml">
        <acl entries="0" version="1"/>
    </resource>
    <resource type="XMLResource" name="survey.xml" skip="no" owner="monex" group="monex" mode="664" created="2015-03-06T16:00:53.4+01:00" modified="2015-03-06T16:00:53.4+01:00" filename="survey.xml" mimetype="application/xml">
        <acl entries="0" version="1"/>
    </resource>
    <resource type="XMLResource" name="flags.xml" skip="no" owner="monex" group="monex" mode="664" created="2015-03-06T16:00:53.405+01:00" modified="2015-03-06T16:00:53.405+01:00" filename="flags.xml" mimetype="application/xml">
        <acl entries="0" version="1"/>
    </resource>
    <resource type="XMLResource" name="xforms-example-hello2.xml" skip="no" owner="monex" group="monex" mode="664" created="2015-03-06T16:00:53.405+01:00" modified="2015-03-06T16:00:53.405+01:00" filename="xforms-example-hello2.xml" mimetype="application/xml">
        <acl entries="0" version="1"/>
    </resource>
    <resource type="XMLResource" name="button.xml" skip="no" owner="monex" group="monex" mode="664" created="2015-03-06T16:00:53.407+01:00" modified="2015-03-06T16:00:53.407+01:00" filename="button.xml" mimetype="application/xml">
        <acl entries="0" version="1"/>
    </resource>
    <resource type="XMLResource" name="first-field.xml" skip="no" owner="monex" group="monex" mode="664" created="2015-03-06T16:00:53.407+01:00" modified="2015-03-06T16:00:53.407+01:00" filename="first-field.xml" mimetype="application/xml">
        <acl entries="0" version="1"/>
    </resource>
    <resource type="XMLResource" name="textarea.xml" skip="no" owner="monex" group="monex" mode="664" created="2015-03-06T16:00:53.411+01:00" modified="2015-03-06T16:00:53.411+01:00" filename="textarea.xml" mimetype="application/xml">
        <acl entries="0" version="1"/>
    </resource>
    <resource type="XMLResource" name="colors.xml" skip="no" owner="monex" group="monex" mode="664" created="2015-03-06T16:00:53.412+01:00" modified="2015-03-06T16:00:53.412+01:00" filename="colors.xml" mimetype="application/xml">
        <acl entries="0" version="1"/>
    </resource>
    <resource type="XMLResource" name="wikipediasearch.xml" skip="no" owner="monex" group="monex" mode="664" created="2015-03-06T16:00:53.413+01:00" modified="2015-03-06T16:00:53.413+01:00" filename="wikipediasearch.xml" mimetype="application/xml">
        <acl entries="0" version="1"/>
    </resource>
    <resource type="XMLResource" name="tinymce.xml" skip="no" owner="monex" group="monex" mode="664" created="2015-03-06T16:00:53.414+01:00" modified="2015-03-06T16:00:53.414+01:00" filename="tinymce.xml" mimetype="application/xml">
        <acl entries="0" version="1"/>
    </resource>
    <resource type="XMLResource" name="flag.svg" skip="no" owner="monex" group="monex" mode="664" created="2015-03-06T16:00:53.42+01:00" modified="2015-03-06T16:00:53.42+01:00" filename="flag.svg" mimetype="image/svg+xml">
        <acl entries="0" version="1"/>
    </resource>
    <resource type="XMLResource" name="examples.xml" skip="no" owner="monex" group="monex" mode="664" created="2015-03-06T16:00:53.42+01:00" modified="2015-03-06T16:00:53.42+01:00" filename="examples.xml" mimetype="application/xml">
        <acl entries="0" version="1"/>
    </resource>
    <resource type="XMLResource" name="select1-drop.xml" skip="no" owner="monex" group="monex" mode="664" created="2015-03-06T16:00:53.431+01:00" modified="2015-03-06T16:00:53.431+01:00" filename="select1-drop.xml" mimetype="application/xml">
        <acl entries="0" version="1"/>
    </resource>
    <resource type="XMLResource" name="gauges.xml" skip="no" owner="monex" group="monex" mode="664" created="2015-03-06T16:00:53.432+01:00" modified="2015-03-06T16:00:53.432+01:00" filename="gauges.xml" mimetype="application/xml">
        <acl entries="0" version="1"/>
    </resource>
    <resource type="XMLResource" name="tic-tac-toe.xml" skip="no" owner="monex" group="monex" mode="664" created="2015-03-06T16:00:53.434+01:00" modified="2015-03-06T16:00:53.434+01:00" filename="tic-tac-toe.xml" mimetype="application/xml">
        <acl entries="0" version="1"/>
    </resource>
    <resource type="XMLResource" name="contact.xml" skip="no" owner="monex" group="monex" mode="664" created="2015-03-06T16:00:53.44+01:00" modified="2015-03-06T16:00:53.44+01:00" filename="contact.xml" mimetype="application/xml">
        <acl entries="0" version="1"/>
    </resource>
    <resource type="XMLResource" name="balance.xml" skip="no" owner="monex" group="monex" mode="664" created="2015-03-06T16:00:53.278+01:00" modified="2015-03-06T16:00:53.278+01:00" filename="balance.xml" mimetype="application/xml">
        <acl entries="0" version="1"/>
    </resource>
    <resource type="XMLResource" name="piechart.xml" skip="no" owner="monex" group="monex" mode="664" created="2015-03-06T16:00:53.299+01:00" modified="2015-03-06T16:00:53.299+01:00" filename="piechart.xml" mimetype="application/xml">
        <acl entries="0" version="1"/>
    </resource>
    <resource type="XMLResource" name="select-from-file.xml" skip="no" owner="monex" group="monex" mode="664" created="2015-03-06T16:00:53.301+01:00" modified="2015-03-06T16:00:53.301+01:00" filename="select-from-file.xml" mimetype="application/xml">
        <acl entries="0" version="1"/>
    </resource>
    <resource type="XMLResource" name="writers.xml" skip="no" owner="monex" group="monex" mode="664" created="2015-03-06T16:00:53.302+01:00" modified="2015-03-06T16:00:53.302+01:00" filename="writers.xml" mimetype="application/xml">
        <acl entries="0" version="1"/>
    </resource>
    <resource type="XMLResource" name="uploads.xml" skip="no" owner="monex" group="monex" mode="664" created="2015-03-06T16:00:53.308+01:00" modified="2015-03-06T16:00:53.308+01:00" filename="uploads.xml" mimetype="application/xml">
        <acl entries="0" version="1"/>
    </resource>
    <resource type="XMLResource" name="deep-copy.xml" skip="no" owner="monex" group="monex" mode="664" created="2015-03-06T16:00:53.31+01:00" modified="2015-03-06T16:00:53.31+01:00" filename="deep-copy.xml" mimetype="application/xml">
        <acl entries="0" version="1"/>
    </resource>
    <resource type="XMLResource" name="checkbox.xml" skip="no" owner="monex" group="monex" mode="664" created="2015-03-06T16:00:53.311+01:00" modified="2015-03-06T16:00:53.311+01:00" filename="checkbox.xml" mimetype="application/xml">
        <acl entries="0" version="1"/>
    </resource>
    <resource type="XMLResource" name="select-model.xml" skip="no" owner="monex" group="monex" mode="664" created="2015-03-06T16:00:53.312+01:00" modified="2015-03-06T16:00:53.312+01:00" filename="select-model.xml" mimetype="application/xml">
        <acl entries="0" version="1"/>
    </resource>
    <resource type="XMLResource" name="counties.xml" skip="no" owner="monex" group="monex" mode="664" created="2015-03-06T16:00:53.313+01:00" modified="2015-03-06T16:00:53.313+01:00" filename="counties.xml" mimetype="application/xml">
        <acl entries="0" version="1"/>
    </resource>
    <resource type="XMLResource" name="select-multi-col.xml" skip="no" owner="monex" group="monex" mode="664" created="2015-03-06T16:00:53.32+01:00" modified="2015-03-06T16:00:53.32+01:00" filename="select-multi-col.xml" mimetype="application/xml">
        <acl entries="0" version="1"/>
    </resource>
    <resource type="XMLResource" name="spreadsheet.xml" skip="no" owner="monex" group="monex" mode="664" created="2015-03-06T16:00:53.332+01:00" modified="2015-03-06T16:00:53.332+01:00" filename="spreadsheet.xml" mimetype="application/xml">
        <acl entries="0" version="1"/>
    </resource>
    <resource type="XMLResource" name="bind.xhtml" skip="no" owner="monex" group="monex" mode="664" created="2015-03-06T16:00:53.333+01:00" modified="2015-03-06T16:00:53.333+01:00" filename="bind.xhtml" mimetype="application/xhtml+xml">
        <acl entries="0" version="1"/>
    </resource>
    <resource type="XMLResource" name="hello.xhtml" skip="no" owner="monex" group="monex" mode="664" created="2015-03-06T16:00:53.334+01:00" modified="2015-03-06T16:00:53.334+01:00" filename="hello.xhtml" mimetype="application/xhtml+xml">
        <acl entries="0" version="1"/>
    </resource>
    <resource type="XMLResource" name="incremental.xhtml" skip="no" owner="monex" group="monex" mode="664" created="2015-03-06T16:00:53.336+01:00" modified="2015-03-06T16:00:53.336+01:00" filename="incremental.xhtml" mimetype="application/xhtml+xml">
        <acl entries="0" version="1"/>
    </resource>
    <resource type="XMLResource" name="secret.xhtml" skip="no" owner="monex" group="monex" mode="664" created="2015-03-06T16:00:53.337+01:00" modified="2015-03-06T16:00:53.337+01:00" filename="secret.xhtml" mimetype="application/xhtml+xml">
        <acl entries="0" version="1"/>
    </resource>
    <resource type="XMLResource" name="calculator.xml" skip="no" owner="monex" group="monex" mode="664" created="2015-03-06T16:00:53.338+01:00" modified="2015-03-06T16:00:53.338+01:00" filename="calculator.xml" mimetype="application/xml">
        <acl entries="0" version="1"/>
    </resource>
    <resource type="XMLResource" name="vertical-tabs.xhtml" skip="no" owner="monex" group="monex" mode="664" created="2015-03-06T16:00:53.345+01:00" modified="2015-03-06T16:00:53.345+01:00" filename="vertical-tabs.xhtml" mimetype="application/xhtml+xml">
        <acl entries="0" version="1"/>
    </resource>
    <resource type="XMLResource" name="address.xhtml" skip="no" owner="monex" group="monex" mode="664" created="2015-03-06T16:00:53.346+01:00" modified="2015-03-06T16:00:53.346+01:00" filename="address.xhtml" mimetype="application/xhtml+xml">
        <acl entries="0" version="1"/>
    </resource>
    <resource type="XMLResource" name="input-width.xhtml" skip="no" owner="monex" group="monex" mode="664" created="2015-03-06T16:00:53.352+01:00" modified="2015-03-06T16:00:53.352+01:00" filename="input-width.xhtml" mimetype="application/xhtml+xml">
        <acl entries="0" version="1"/>
    </resource>
    <resource type="XMLResource" name="date.xml" skip="no" owner="monex" group="monex" mode="664" created="2015-03-06T16:00:53.353+01:00" modified="2015-03-06T16:00:53.353+01:00" filename="date.xml" mimetype="application/xml">
        <acl entries="0" version="1"/>
    </resource>
    <resource type="XMLResource" name="horizontal-tabs.xhtml" skip="no" owner="monex" group="monex" mode="664" created="2015-03-06T16:00:53.354+01:00" modified="2015-03-06T16:00:53.354+01:00" filename="horizontal-tabs.xhtml" mimetype="application/xhtml+xml">
        <acl entries="0" version="1"/>
    </resource>
    <resource type="XMLResource" name="gantt.xml" skip="no" owner="monex" group="monex" mode="664" created="2015-03-06T16:00:53.359+01:00" modified="2015-03-06T16:00:53.359+01:00" filename="gantt.xml" mimetype="application/xml">
        <acl entries="0" version="1"/>
    </resource>
</collection>