<collection xmlns="http://exist.sourceforge.net/NS/exist" name="/db/apps/ediarum/handschriften" version="1" owner="admin" group="nutzer" mode="755" created="2016-07-11T12:45:08.23+02:00">
    <acl entries="0" version="1"/>
    <resource type="BinaryResource" name="preview2.xql" skip="no" owner="admin" group="nutzer" mode="755" created="2017-02-15T14:55:41.204+01:00" modified="2017-02-15T15:17:03.916+01:00" filename="preview2.xql" mimetype="application/xquery">
        <acl entries="0" version="1"/>
    </resource>
    <resource type="BinaryResource" name="get-pdf.xql" skip="no" owner="admin" group="nutzer" mode="4755" created="2017-02-15T15:23:34.206+01:00" modified="2017-02-15T15:35:49.604+01:00" filename="get-pdf.xql" mimetype="application/xquery">
        <acl entries="0" version="1"/>
    </resource>
    <resource type="BinaryResource" name="log.xql" skip="no" owner="admin" group="nutzer" mode="4755" created="2016-07-11T13:22:06.396+02:00" modified="2016-07-11T13:22:16.834+02:00" filename="log.xql" mimetype="application/xquery">
        <acl entries="0" version="1"/>
    </resource>
    <resource type="BinaryResource" name="preview.xql" skip="no" owner="admin" group="nutzer" mode="4755" created="2016-07-11T12:45:32.999+02:00" modified="2016-07-11T13:19:22.438+02:00" filename="preview.xql" mimetype="application/xquery">
        <acl entries="0" version="1"/>
    </resource>
</collection>