<collection xmlns="http://exist.sourceforge.net/NS/exist" name="/db/apps/doc/modules" version="1" owner="admin" group="dba" mode="775" created="2015-03-06T16:00:50.062+01:00">
    <acl entries="0" version="1"/>
    <resource type="BinaryResource" name="search.xql" skip="no" owner="admin" group="dba" mode="775" created="2015-03-06T16:00:50.062+01:00" modified="2015-03-06T16:00:50.062+01:00" filename="search.xql" mimetype="application/xquery">
        <acl entries="0" version="1"/>
    </resource>
    <resource type="BinaryResource" name="review.xql" skip="no" owner="admin" group="dba" mode="775" created="2015-03-06T16:00:50.104+01:00" modified="2015-03-06T16:00:50.104+01:00" filename="review.xql" mimetype="application/xquery">
        <acl entries="0" version="1"/>
    </resource>
    <resource type="BinaryResource" name="view.xql" skip="no" owner="admin" group="dba" mode="775" created="2015-03-06T16:00:50.153+01:00" modified="2015-03-06T16:00:50.153+01:00" filename="view.xql" mimetype="application/xquery">
        <acl entries="0" version="1"/>
    </resource>
    <resource type="BinaryResource" name="docbook.xql" skip="no" owner="admin" group="dba" mode="775" created="2015-03-06T16:00:50.362+01:00" modified="2015-03-06T16:00:50.362+01:00" filename="docbook.xql" mimetype="application/xquery">
        <acl entries="0" version="1"/>
    </resource>
    <resource type="BinaryResource" name="diagnostics.xql" skip="no" owner="admin" group="dba" mode="775" created="2015-03-06T16:00:50.438+01:00" modified="2015-03-06T16:00:50.438+01:00" filename="diagnostics.xql" mimetype="application/xquery">
        <acl entries="0" version="1"/>
    </resource>
    <resource type="BinaryResource" name="config.xqm" skip="no" owner="admin" group="dba" mode="775" created="2015-03-06T16:00:50.45+01:00" modified="2015-03-06T16:00:50.45+01:00" filename="config.xqm" mimetype="application/xquery">
        <acl entries="0" version="1"/>
    </resource>
</collection>