<collection xmlns="http://exist.sourceforge.net/NS/exist" name="/db/apps/eXide/resources/scripts" version="1" owner="eXide" group="eXide" mode="775" created="2015-03-06T16:00:51.788+01:00">
    <acl entries="0" version="1"/>
    <resource type="BinaryResource" name="less-1.7.3.min.js" skip="no" owner="eXide" group="eXide" mode="664" created="2015-03-06T16:00:51.788+01:00" modified="2015-03-06T16:00:51.788+01:00" filename="less-1.7.3.min.js" mimetype="application/x-javascript">
        <acl entries="0" version="1"/>
    </resource>
    <resource type="BinaryResource" name="require.js" skip="no" owner="eXide" group="eXide" mode="664" created="2015-03-06T16:00:51.789+01:00" modified="2015-03-06T16:00:51.789+01:00" filename="require.js" mimetype="application/x-javascript">
        <acl entries="0" version="1"/>
    </resource>
    <resource type="BinaryResource" name="xqlint.min.js" skip="no" owner="eXide" group="eXide" mode="664" created="2015-03-06T16:00:51.789+01:00" modified="2015-03-06T16:00:51.789+01:00" filename="xqlint.min.js" mimetype="application/x-javascript">
        <acl entries="0" version="1"/>
    </resource>
    <resource type="BinaryResource" name="eXide.min.js" skip="no" owner="eXide" group="eXide" mode="664" created="2015-03-06T16:00:51.79+01:00" modified="2015-03-06T16:00:51.79+01:00" filename="eXide.min.js" mimetype="application/x-javascript">
        <acl entries="0" version="1"/>
    </resource>
    <resource type="BinaryResource" name="d3.v3.min.js" skip="no" owner="eXide" group="eXide" mode="664" created="2015-03-06T16:00:51.79+01:00" modified="2015-03-06T16:00:51.79+01:00" filename="d3.v3.min.js" mimetype="application/x-javascript">
        <acl entries="0" version="1"/>
    </resource>
    <resource type="BinaryResource" name="modernizr.custom.js" skip="no" owner="eXide" group="eXide" mode="664" created="2015-03-06T16:00:51.795+01:00" modified="2015-03-06T16:00:51.795+01:00" filename="modernizr.custom.js" mimetype="application/x-javascript">
        <acl entries="0" version="1"/>
    </resource>
    <subcollection name="jquery" filename="jquery"/>
</collection>