<collection xmlns="http://exist.sourceforge.net/NS/exist" name="/db/apps/eXide/resources/css/black-tie" version="1" owner="eXide" group="eXide" mode="775" created="2015-03-06T16:00:51.835+01:00">
    <acl entries="0" version="1"/>
    <resource type="BinaryResource" name="jquery-ui-1.10.3.custom.css" skip="no" owner="eXide" group="eXide" mode="664" created="2015-03-06T16:00:51.835+01:00" modified="2015-03-06T16:00:51.835+01:00" filename="jquery-ui-1.10.3.custom.css" mimetype="text/css">
        <acl entries="0" version="1"/>
    </resource>
    <resource type="BinaryResource" name="jquery-ui-1.10.3.custom.min.css" skip="no" owner="eXide" group="eXide" mode="664" created="2015-03-06T16:00:51.836+01:00" modified="2015-03-06T16:00:51.836+01:00" filename="jquery-ui-1.10.3.custom.min.css" mimetype="text/css">
        <acl entries="0" version="1"/>
    </resource>
    <subcollection name="images" filename="images"/>
</collection>