<collection xmlns="http://exist.sourceforge.net/NS/exist" name="/db/apps/betterform/reference/resources" version="1" owner="admin" group="dba" mode="775" created="2015-03-06T16:00:37.033+01:00">
    <acl entries="0" version="1"/>
    <resource type="BinaryResource" name="1.200.jpg" skip="no" owner="admin" group="dba" mode="775" created="2015-03-06T16:00:37.034+01:00" modified="2015-03-06T16:00:37.034+01:00" filename="1.200.jpg" mimetype="image/jpeg">
        <acl entries="0" version="1"/>
    </resource>
    <resource type="XMLResource" name="Load-Embed-CSS-JavaScript-Subform.xhtml" skip="no" owner="admin" group="dba" mode="775" created="2015-03-06T16:00:37.034+01:00" modified="2015-03-06T16:00:37.034+01:00" filename="Load-Embed-CSS-JavaScript-Subform.xhtml" mimetype="application/xhtml+xml">
        <acl entries="0" version="1"/>
    </resource>
    <resource type="BinaryResource" name="style.css" skip="no" owner="admin" group="dba" mode="775" created="2015-03-06T16:00:37.036+01:00" modified="2015-03-06T16:00:37.036+01:00" filename="style.css" mimetype="text/css">
        <acl entries="0" version="1"/>
    </resource>
    <resource type="XMLResource" name="htmlToEmbed.html" skip="no" owner="admin" group="dba" mode="775" created="2015-03-06T16:00:37.037+01:00" modified="2015-03-06T16:00:37.037+01:00" filename="htmlToEmbed.html" mimetype="text/html">
        <acl entries="0" version="1"/>
    </resource>
    <resource type="BinaryResource" name="script.js" skip="no" owner="admin" group="dba" mode="775" created="2015-03-06T16:00:37.051+01:00" modified="2015-03-06T16:00:37.051+01:00" filename="script.js" mimetype="application/x-javascript">
        <acl entries="0" version="1"/>
    </resource>
</collection>