<collection xmlns="http://exist.sourceforge.net/NS/exist" name="/db/apps/demo/examples/contacts/html" version="1" owner="demo" group="demo" mode="775" created="2015-03-06T16:00:42.865+01:00">
    <acl entries="0" version="1"/>
    <resource type="XMLResource" name="updateContact.html" skip="no" owner="demo" group="demo" mode="775" created="2015-03-06T16:00:42.865+01:00" modified="2015-03-06T16:00:42.865+01:00" filename="updateContact.html" mimetype="text/html">
        <acl entries="0" version="1"/>
    </resource>
    <resource type="XMLResource" name="newContact.html" skip="no" owner="demo" group="demo" mode="775" created="2015-03-06T16:00:42.867+01:00" modified="2015-03-06T16:00:42.867+01:00" filename="newContact.html" mimetype="text/html">
        <acl entries="0" version="1"/>
    </resource>
    <resource type="XMLResource" name="home.html" skip="no" owner="demo" group="demo" mode="775" created="2015-03-06T16:00:42.868+01:00" modified="2015-03-06T16:00:42.868+01:00" filename="home.html" mimetype="text/html">
        <acl entries="0" version="1"/>
    </resource>
    <resource type="XMLResource" name="browseContacts.html" skip="no" owner="demo" group="demo" mode="775" created="2015-03-06T16:00:42.875+01:00" modified="2015-03-06T16:00:42.875+01:00" filename="browseContacts.html" mimetype="text/html">
        <acl entries="0" version="1"/>
    </resource>
</collection>