<collection xmlns="http://exist.sourceforge.net/NS/exist" name="/db/apps/dashboard" version="1" owner="admin" group="dba" mode="775" created="2015-03-06T16:00:37.281+01:00">
    <acl entries="0" version="1"/>
    <resource type="BinaryResource" name="Readme.md" skip="no" owner="admin" group="dba" mode="775" created="2015-03-06T16:00:37.281+01:00" modified="2015-03-06T16:00:37.281+01:00" filename="Readme.md" mimetype="text/x-markdown">
        <acl entries="0" version="1"/>
    </resource>
    <resource type="XMLResource" name="configuration.xml" skip="no" owner="admin" group="dba" mode="775" created="2015-03-06T16:00:37.281+01:00" modified="2015-03-06T16:00:37.281+01:00" filename="configuration.xml" mimetype="application/xml">
        <acl entries="0" version="1"/>
    </resource>
    <resource type="XMLResource" name="index.html" skip="no" owner="admin" group="dba" mode="775" created="2015-03-06T16:00:37.282+01:00" modified="2015-03-06T16:00:37.282+01:00" filename="index.html" mimetype="text/html">
        <acl entries="0" version="1"/>
    </resource>
    <resource type="BinaryResource" name="controller.xql" skip="no" owner="admin" group="dba" mode="775" created="2015-03-06T16:00:37.293+01:00" modified="2015-03-06T16:00:37.293+01:00" filename="controller.xql" mimetype="application/xquery">
        <acl entries="0" version="1"/>
    </resource>
    <resource type="XMLResource" name="expath-pkg.xml" skip="no" owner="admin" group="dba" mode="775" created="2015-03-06T16:00:37.293+01:00" modified="2015-03-06T16:00:37.293+01:00" filename="expath-pkg.xml" mimetype="application/xml">
        <acl entries="0" version="1"/>
    </resource>
    <resource type="BinaryResource" name="icon.png" skip="no" owner="admin" group="dba" mode="775" created="2015-03-06T16:00:37.294+01:00" modified="2015-03-06T16:00:37.294+01:00" filename="icon.png" mimetype="image/png">
        <acl entries="0" version="1"/>
    </resource>
    <resource type="XMLResource" name="defaults.xml" skip="no" owner="admin" group="dba" mode="775" created="2015-03-06T16:00:37.295+01:00" modified="2015-03-06T16:00:37.295+01:00" filename="defaults.xml" mimetype="application/xml">
        <acl entries="0" version="1"/>
    </resource>
    <resource type="XMLResource" name="error-page.html" skip="no" owner="admin" group="dba" mode="775" created="2015-03-06T16:00:37.298+01:00" modified="2015-03-06T16:00:37.298+01:00" filename="error-page.html" mimetype="text/html">
        <acl entries="0" version="1"/>
    </resource>
    <resource type="BinaryResource" name="pre-install.xql" skip="no" owner="admin" group="dba" mode="775" created="2015-03-06T16:00:37.309+01:00" modified="2015-03-06T16:00:37.309+01:00" filename="pre-install.xql" mimetype="application/xquery">
        <acl entries="0" version="1"/>
    </resource>
    <resource type="XMLResource" name="collection.xconf" skip="no" owner="admin" group="dba" mode="775" created="2015-03-06T16:00:37.311+01:00" modified="2015-03-06T16:00:37.311+01:00" filename="collection.xconf" mimetype="application/xml">
        <acl entries="0" version="1"/>
    </resource>
    <resource type="XMLResource" name="build.xml" skip="no" owner="admin" group="dba" mode="775" created="2015-03-06T16:00:37.312+01:00" modified="2015-03-06T16:00:37.312+01:00" filename="build.xml" mimetype="application/xml">
        <acl entries="0" version="1"/>
    </resource>
    <resource type="XMLResource" name="repo.xml" skip="no" owner="admin" group="dba" mode="775" created="2015-03-06T16:00:37.497+01:00" modified="2015-03-06T16:00:37.497+01:00" filename="repo.xml" mimetype="application/xml">
        <acl entries="0" version="1"/>
    </resource>
    <subcollection name="templates" filename="templates"/>
    <subcollection name="plugins" filename="plugins"/>
    <subcollection name="modules" filename="modules"/>
    <subcollection name="resources" filename="resources"/>
</collection>