<collection xmlns="http://exist.sourceforge.net/NS/exist" name="/db/apps/ediarum/data_copy" version="1" owner="admin" group="data_copy" mode="777" created="2015-03-18T17:18:55.932+01:00">
    <acl entries="0" version="1"/>
    <resource type="XMLResource" name="index.xml" skip="no" owner="admin" group="dba" mode="644" created="2015-03-18T17:18:55.932+01:00" modified="2015-03-18T17:18:55.932+01:00" filename="index.xml" mimetype="application/xml">
        <acl entries="0" version="1"/>
    </resource>
    <resource type="XMLResource" name="werkregister.xml" skip="no" owner="exist-bot" group="data_copy" mode="660" created="2015-07-01T18:57:37.039+02:00" modified="2019-01-31T14:43:48.712+01:00" filename="werkregister.xml" mimetype="application/xml">
        <acl entries="0" version="1"/>
    </resource>
    <resource type="XMLResource" name="organisationsregister.xml" skip="no" owner="c.achter" group="c.achter" mode="644" created="2019-10-08T21:01:46.871+02:00" modified="2019-10-15T15:13:30.858+02:00" filename="organisationsregister.xml" mimetype="application/xml">
        <acl entries="0" version="1"/>
    </resource>
    <resource type="XMLResource" name="ortsregister.xml" skip="no" owner="c.achter" group="c.achter" mode="644" created="2019-10-08T20:57:46.931+02:00" modified="2019-10-10T17:13:29.355+02:00" filename="ortsregister.xml" mimetype="application/xml">
        <acl entries="0" version="1"/>
    </resource>
    <resource type="XMLResource" name="personenregister.xml" skip="no" owner="c.achter" group="c.achter" mode="777" created="2019-10-15T14:07:13.999+02:00" modified="2019-10-17T15:57:20.544+02:00" filename="personenregister.xml" mimetype="application/xml">
        <acl entries="0" version="1"/>
    </resource>
    <subcollection name="Backup" filename="Backup"/>
</collection>