<?xml version="1.0" encoding="UTF-8"?>
<list type="personenregister"><item type="organization" xml:id="n_123_456">Altenburger Hofdruckerei</item><item type="organization" xml:id="n_d2e34326">Großer Rat Bern</item><item type="organization" xml:id="n_d2e31199"> Gessner </item><item type="organization" xml:id="n_d2e29083"> Füssli </item><item type="organization" xml:id="n_d2e22524">Erziehungsdepartement Bern</item><item type="organization" xml:id="n_d2e19553">Direktion des Innern,
							Bern</item><item type="organization" xml:id="n_d2e17348">Cotta'sche Verlagsbuchhandlung</item><item type="organization" xml:id="n_d2e17117">Comptoir, Literarisches</item><item type="organization" xml:id="n_d2e13700">Bundesbehörden, Bundesrat</item><item type="organization" xml:id="n_d2e13299">Buch (Anstalt)</item><item type="organization" xml:id="n_d2e12337">Brodtmann’sche Buchhdlg.</item><item type="organization" xml:id="n_d2e11778">Brandes &amp; Schulze</item><item type="organization" xml:id="n_d2e11147">Borel (Pensionat)</item><item type="organization" xml:id="n_d2e7379">Berthoud (Pensionat)</item><item type="organization" xml:id="n_d2e7054"/><item type="organization" xml:id="n_d2e7032">Bern, Bären</item><item type="organization" xml:id="n_d2e5379">Baudepartement Bern</item><item type="organization" xml:id="n_d2e3280">Armenkommission der Republik
							Bern</item><item type="organization" xml:id="n_d2e3264">Armenbureau Bern</item><item type="organization" xml:id="n_d2e37897">Heiliggeistkirche
							Bern</item></list>