<?xml version="1.0" encoding="UTF-8"?>
<list type="ortsregister"><item type="ort" xml:id="o_d2e3">Aarau</item><item type="ort" xml:id="o_d2e24">Aarberg</item><item type="ort" xml:id="o_d2e45">Aarburg</item><item type="ort" xml:id="o_d2e56">Aargau</item><item type="ort" xml:id="o_d2e101">Aarwangen</item><item type="ort" xml:id="o_d2e116">Abdera</item><item type="ort" xml:id="o_d2e128">Abendberg</item><item type="ort" xml:id="o_d2e140">Abländschen</item><item type="ort" xml:id="o_d2e152">Aeschau</item><item type="ort" xml:id="o_d2e166">Aeschi</item><item type="ort" xml:id="o_d2e175">Aetingen</item><item type="ort" xml:id="o_d2e192">Affoltern im Emmental</item><item type="ort" xml:id="o_d2e209">Aigle</item><item type="ort" xml:id="o_d2e223">Albenburg</item><item type="ort" xml:id="o_d2e229">Albligen</item><item type="ort" xml:id="o_d2e238">Alchenstorf</item><item type="ort" xml:id="o_d2e249">Algier</item><item type="ort" xml:id="o_d2e258">Allenlüften</item><item type="ort" xml:id="o_d2e270">Allmendingen</item><item type="ort" xml:id="o_d2e283">Alpnach</item><item type="ort" xml:id="o_d2e292">Altbüron</item><item type="ort" xml:id="o_d2e301">Altdorf</item><item type="ort" xml:id="o_d2e311">Altona</item><item type="ort" xml:id="o_d2e323">Altzellen</item><item type="ort" xml:id="o_d2e332">Amden</item><item type="ort" xml:id="o_d2e341">Amerika</item><item type="ort" xml:id="o_d2e378">Amsoldingen</item><item type="ort" xml:id="o_d2e387">Amsterdam</item><item type="ort" xml:id="o_d2e396">Antwerpen</item><item type="ort" xml:id="o_d2e405">Appenzell</item><item type="ort" xml:id="o_d2e419">Arbedo</item><item type="ort" xml:id="o_d2e431">Arni</item><item type="ort" xml:id="o_d2e440">Arth</item><item type="ort" xml:id="o_d2e450">Attinghausen</item><item type="ort" xml:id="o_d2e460">Augsburg</item><item type="ort" xml:id="o_d2e469">Augst</item><item type="ort" xml:id="o_d2e483">Austerlitz</item><item type="ort" xml:id="o_d2e499">Avenches</item><item type="ort" xml:id="o_d2e534">Babenhausen</item><item type="ort" xml:id="o_d2e543">Bad Doberan</item><item type="ort" xml:id="o_d2e555">Bad Pyrmont</item><item type="ort" xml:id="o_d2e564">Bad Ragaz</item><item type="ort" xml:id="o_d2e575">Bad Schauenburg</item><item type="ort" xml:id="o_d2e587">Bad Wünnenberg</item><item type="ort" xml:id="o_d2e599">Bad Zurzach</item><item type="ort" xml:id="o_d2e613">Baden</item><item type="ort" xml:id="o_d2e640">Baden-Baden</item><item type="ort" xml:id="o_d2e653">Ballenbühl</item><item type="ort" xml:id="o_d2e665">Ballwil</item><item type="ort" xml:id="o_d2e672">Balmberg</item><item type="ort" xml:id="o_d2e684">Barcelona</item><item type="ort" xml:id="o_d2e693">Bargen</item><item type="ort" xml:id="o_d2e702">Basel</item><item type="ort" xml:id="o_d2e749">Baselland (Baselbiet)</item><item type="ort" xml:id="o_d2e779">Bassersdorf</item><item type="ort" xml:id="o_d2e790">Batavia</item><item type="ort" xml:id="o_d2e800">Bayern</item><item type="ort" xml:id="o_d2e814">Belgien</item><item type="ort" xml:id="o_d2e830">Belp</item><item type="ort" xml:id="o_d2e841">Beresina</item><item type="ort" xml:id="o_d2e856">Bergen (Rügen)</item><item type="ort" xml:id="o_d2e865">Berken</item><item type="ort" xml:id="o_d2e874">Berlin</item><item type="ort" xml:id="o_d2e908">Bern</item><item type="ort" xml:id="o_d2e936">Biberist</item><item type="ort" xml:id="o_d2e947">Biel/Bienne</item><item type="ort" xml:id="o_d2e976">Biembach</item><item type="ort" xml:id="o_d2e992">Bigel, Bigelberg</item><item type="ort" xml:id="o_d2e1006">Biglen</item><item type="ort" xml:id="o_d2e1017">Bilstein</item><item type="ort" xml:id="o_d2e1031">Blankenese</item><item type="ort" xml:id="o_d2e1044">Bleienbach</item><item type="ort" xml:id="o_d2e1055">Blumenstein</item><item type="ort" xml:id="o_d2e1064">Bodenwerder</item><item type="ort" xml:id="o_d2e1073">Boll</item><item type="ort" xml:id="o_d2e1084">Bolligen</item><item type="ort" xml:id="o_d2e1090">Bollodingen</item><item type="ort" xml:id="o_d2e1107">Boulogne</item><item type="ort" xml:id="o_d2e1119">Brandis</item><item type="ort" xml:id="o_d2e1139">Brasilien</item><item type="ort" xml:id="o_d2e1149">Braunschweig</item><item type="ort" xml:id="o_d2e1160">Breisach am Rhein</item><item type="ort" xml:id="o_d2e1170">Bremen</item><item type="ort" xml:id="o_d2e1181">Bremgarten bei Bern</item><item type="ort" xml:id="o_d2e1192">Breslau</item><item type="ort" xml:id="o_d2e1206">Brienz</item><item type="ort" xml:id="o_d2e1217">Brodhüsi</item><item type="ort" xml:id="o_d2e1231">Bruchsal</item><item type="ort" xml:id="o_d2e1242">Brugg</item><item type="ort" xml:id="o_d2e1263">Brunegg</item><item type="ort" xml:id="o_d2e1272">Brunnen</item><item type="ort" xml:id="o_d2e1281">Bubendorf</item><item type="ort" xml:id="o_d2e1292">Bubenei</item><item type="ort" xml:id="o_d2e1305">Bucheggberg</item><item type="ort" xml:id="o_d2e1317">Budapest</item><item type="ort" xml:id="o_d2e1326">Burgdorf</item><item type="ort" xml:id="o_d2e1393">Burgistein</item><item type="ort" xml:id="o_d2e1402">Buttisholz</item><item type="ort" xml:id="o_d2e1411">Bächtelen</item><item type="ort" xml:id="o_d2e1427">Bärhegen</item><item type="ort" xml:id="o_d2e1439">Bätterkinden</item><item type="ort" xml:id="o_d2e1464">Bättwil</item><item type="ort" xml:id="o_d2e1477">Böhmen</item><item type="ort" xml:id="o_d2e1491">Bönigen</item><item type="ort" xml:id="o_d2e1501">Bözingen</item><item type="ort" xml:id="o_d2e1515">Bückeburg</item><item type="ort" xml:id="o_d2e1524">Bümpliz</item><item type="ort" xml:id="o_d2e1543">Büren a. A.</item><item type="ort" xml:id="o_d2e1564">Bürglen</item><item type="ort" xml:id="o_d2e1579">Bürglen</item><item type="ort" xml:id="o_d2e1589">Cannstatt</item><item type="ort" xml:id="o_d2e1601">Capua</item><item type="ort" xml:id="o_d2e1610">Celle</item><item type="ort" xml:id="o_d2e1619">Chaux-de-Fonds, La</item><item type="ort" xml:id="o_d2e1628">Chur</item><item type="ort" xml:id="o_d2e1649">Chäs und Brot</item><item type="ort" xml:id="o_d2e1659">Cincinnati</item><item type="ort" xml:id="o_d2e1668">Clausthal-Zellerfeld</item><item type="ort" xml:id="o_d2e1680">Courtelary</item><item type="ort" xml:id="o_d2e1689">Cressier</item><item type="ort" xml:id="o_d2e1701">Cudrefin</item><item type="ort" xml:id="o_d2e1711">Dalmatien</item><item type="ort" xml:id="o_d2e1721">Damgarten</item><item type="ort" xml:id="o_d2e1733">Darmstadt</item><item type="ort" xml:id="o_d2e1744">Dent de Jaman</item><item type="ort" xml:id="o_d2e1756">Derendingen</item><item type="ort" xml:id="o_d2e1765">Dessau</item><item type="ort" xml:id="o_d2e1781">Deutschland</item><item type="ort" xml:id="o_d2e1814">Dieboldswil</item><item type="ort" xml:id="o_d2e1826">Diegten</item><item type="ort" xml:id="o_d2e1837">Diessbach bei Büren</item><item type="ort" xml:id="o_d2e1848">Diessenhofen</item><item type="ort" xml:id="o_d2e1858">Dietendorf</item><item type="ort" xml:id="o_d2e1865">Dombresson</item><item type="ort" xml:id="o_d2e1879">Dommartin</item><item type="ort" xml:id="o_d2e1891">Dornach</item><item type="ort" xml:id="o_d2e1908">Dotzigen</item><item type="ort" xml:id="o_d2e1917">Dranse</item><item type="ort" xml:id="o_d2e1929">Dresden</item><item type="ort" xml:id="o_d2e1948">Dänemark</item><item type="ort" xml:id="o_d2e1960">Därstetten</item><item type="ort" xml:id="o_d2e1969">Délémont</item><item type="ort" xml:id="o_d2e1985">Dürrenroth</item><item type="ort" xml:id="o_d2e2001">Dürrgraben</item><item type="ort" xml:id="o_d2e2013">Düsseldorf</item><item type="ort" xml:id="o_d2e2023">Eckwersheim</item><item type="ort" xml:id="o_d2e2036">Egg</item><item type="ort" xml:id="o_d2e2053">Egg</item><item type="ort" xml:id="o_d2e2059">Eggiwil</item><item type="ort" xml:id="o_d2e2082">Einbeck</item><item type="ort" xml:id="o_d2e2093">Einsiedeln</item><item type="ort" xml:id="o_d2e2112">Eisenach</item><item type="ort" xml:id="o_d2e2123">Elsass</item><item type="ort" xml:id="o_d2e2147">Emdthal</item><item type="ort" xml:id="o_d2e2159">Emmenfeld</item><item type="ort" xml:id="o_d2e2172">Emmensee</item><item type="ort" xml:id="o_d2e2181">Emmental</item><item type="ort" xml:id="o_d2e2207">Engelberg</item><item type="ort" xml:id="o_d2e2220">England</item><item type="ort" xml:id="o_d2e2261">Entfelden</item><item type="ort" xml:id="o_d2e2276">Entlebuch</item><item type="ort" xml:id="o_d2e2296">Epesses</item><item type="ort" xml:id="o_d2e2308">Erdmannsdorf</item><item type="ort" xml:id="o_d2e2320">Erfurt</item><item type="ort" xml:id="o_d2e2333">Eriswil</item><item type="ort" xml:id="o_d2e2350">Erlach</item><item type="ort" xml:id="o_d2e2359">Erlangen</item><item type="ort" xml:id="o_d2e2369">Erlenbach im Simmental</item><item type="ort" xml:id="o_d2e2380">Erlinsbach</item><item type="ort" xml:id="o_d2e2392">Ersigen</item><item type="ort" xml:id="o_d2e2405">Eschenhausen</item><item type="ort" xml:id="o_d2e2417">Eschershausen</item><item type="ort" xml:id="o_d2e2426">Escholzmatt</item><item type="ort" xml:id="o_d2e2446">Estavayer-le-Lac</item><item type="ort" xml:id="o_d2e2458">Eugstern</item><item type="ort" xml:id="o_d2e2471">Faoug</item><item type="ort" xml:id="o_d2e2485">Felsberg</item><item type="ort" xml:id="o_d2e2498">Ferenbalm</item><item type="ort" xml:id="o_d2e2507">Ferrenberg</item><item type="ort" xml:id="o_d2e2519">Filzbach</item><item type="ort" xml:id="o_d2e2531">Finsterhennen</item><item type="ort" xml:id="o_d2e2540">Flumenthal</item><item type="ort" xml:id="o_d2e2552">Flüelen</item><item type="ort" xml:id="o_d2e2561">Flühlenstalden</item><item type="ort" xml:id="o_d2e2575">Franche-Comté</item><item type="ort" xml:id="o_d2e2588">Frankfurt am Main</item><item type="ort" xml:id="o_d2e2612">Frankreich</item><item type="ort" xml:id="o_d2e2665">Fraubrunnen</item><item type="ort" xml:id="o_d2e2682">Frauchwyl</item><item type="ort" xml:id="o_d2e2692">Frauenfeld</item><item type="ort" xml:id="o_d2e2698">Freiburg im Üechtland</item><item type="ort" xml:id="o_d2e2730">Friesenberg</item><item type="ort" xml:id="o_d2e2742">Frutigen</item><item type="ort" xml:id="o_d2e2755">Frutigtal</item><item type="ort" xml:id="o_d2e2768">Gadmen</item><item type="ort" xml:id="o_d2e2777">Gallien</item><item type="ort" xml:id="o_d2e2789">Gampelen</item><item type="ort" xml:id="o_d2e2802">Gelterkinden</item><item type="ort" xml:id="o_d2e2813">Genf</item><item type="ort" xml:id="o_d2e2850">Gerlafingen</item><item type="ort" xml:id="o_d2e2863">Germersheim</item><item type="ort" xml:id="o_d2e2872">Gibraltar</item><item type="ort" xml:id="o_d2e2884">Gießen</item><item type="ort" xml:id="o_d2e2893">Glarus</item><item type="ort" xml:id="o_d2e2923">Goldau</item><item type="ort" xml:id="o_d2e2938">Goldbach</item><item type="ort" xml:id="o_d2e2958">Gotha</item><item type="ort" xml:id="o_d2e2967">Gottstatt</item><item type="ort" xml:id="o_d2e2981">Graben</item><item type="ort" xml:id="o_d2e2990">Grabenmatt</item><item type="ort" xml:id="o_d2e3002">Grafenried</item><item type="ort" xml:id="o_d2e3020">Grandson</item><item type="ort" xml:id="o_d2e3029">Graubünden</item><item type="ort" xml:id="o_d2e3045">Grenchen</item><item type="ort" xml:id="o_d2e3056">Grenelle</item><item type="ort" xml:id="o_d2e3068">Grenoble</item><item type="ort" xml:id="o_d2e3078">Griechenland</item><item type="ort" xml:id="o_d2e3094">Griesbach</item><item type="ort" xml:id="o_d2e3106">Grindelwald</item><item type="ort" xml:id="o_d2e3117">Grossdietwil</item><item type="ort" xml:id="o_d2e3126">Grosshöchstetten</item><item type="ort" xml:id="o_d2e3149">Grüneberg in Schlesien</item><item type="ort" xml:id="o_d2e3161">Grünenmatt</item><item type="ort" xml:id="o_d2e3185">Guggisberg</item><item type="ort" xml:id="o_d2e3210">Gumm</item><item type="ort" xml:id="o_d2e3224">Gummwäldli</item><item type="ort" xml:id="o_d2e3236">Gurnigel</item><item type="ort" xml:id="o_d2e3269">Gurzelen</item><item type="ort" xml:id="o_d2e3278">Guttannen</item><item type="ort" xml:id="o_d2e3291">Göttingen</item><item type="ort" xml:id="o_d2e3323">Gümmenen</item><item type="ort" xml:id="o_d2e3336">Haiti</item><item type="ort" xml:id="o_d2e3346">Halberstadt</item><item type="ort" xml:id="o_d2e3355">Hallau</item><item type="ort" xml:id="o_d2e3364">Halle (Saale)</item><item type="ort" xml:id="o_d2e3373">Halten</item><item type="ort" xml:id="o_d2e3382">Hamburg</item><item type="ort" xml:id="o_d2e3399">Hamburg-Harburg</item><item type="ort" xml:id="o_d2e3411">Hameln</item><item type="ort" xml:id="o_d2e3422">Hann. Münden</item><item type="ort" xml:id="o_d2e3431">Hannover</item><item type="ort" xml:id="o_d2e3444">Hasle bei Burgdorf</item><item type="ort" xml:id="o_d2e3470">Haslebach</item><item type="ort" xml:id="o_d2e3482">Heaton</item><item type="ort" xml:id="o_d2e3491">Heidelberg</item><item type="ort" xml:id="o_d2e3504">Heimberg</item><item type="ort" xml:id="o_d2e3513">Heimiswil</item><item type="ort" xml:id="o_d2e3526">Helgoland</item><item type="ort" xml:id="o_d2e3538">Hergiswil bei Willisau</item><item type="ort" xml:id="o_d2e3547">Herisau</item><item type="ort" xml:id="o_d2e3560">Hermiswil</item><item type="ort" xml:id="o_d2e3572">Herzogenbuchsee</item><item type="ort" xml:id="o_d2e3614">Hessisch Oldendorf</item><item type="ort" xml:id="o_d2e3622">Hindelbank</item><item type="ort" xml:id="o_d2e3633">Hochdorf</item><item type="ort" xml:id="o_d2e3642">Hofwil</item><item type="ort" xml:id="o_d2e3670">Hoheneichen</item><item type="ort" xml:id="o_d2e3682">Hohnstedt</item><item type="ort" xml:id="o_d2e3694">Hohnstein</item><item type="ort" xml:id="o_d2e3701">Holland</item><item type="ort" xml:id="o_d2e3723">Holzminden</item><item type="ort" xml:id="o_d2e3732">Homburg</item><item type="ort" xml:id="o_d2e3741">Horben</item><item type="ort" xml:id="o_d2e3753">Horn bei Basel</item><item type="ort" xml:id="o_d2e3766">Hornbach</item><item type="ort" xml:id="o_d2e3782">Huttwil</item><item type="ort" xml:id="o_d2e3818">Hégenheim</item><item type="ort" xml:id="o_d2e3830">Hölstein</item><item type="ort" xml:id="o_d2e3845">Indien</item><item type="ort" xml:id="o_d2e3857">Inkwil</item><item type="ort" xml:id="o_d2e3878">Inner Zimmerzei</item><item type="ort" xml:id="o_d2e3890">Ins</item><item type="ort" xml:id="o_d2e3907">Interlaken</item><item type="ort" xml:id="o_d2e3924">Irland</item><item type="ort" xml:id="o_d2e3938">Istanbul</item><item type="ort" xml:id="o_d2e3956">Italien</item><item type="ort" xml:id="o_d2e3987">Jaberg</item><item type="ort" xml:id="o_d2e3993">Java</item><item type="ort" xml:id="o_d2e4005">Jegenstorf</item><item type="ort" xml:id="o_d2e4020">Jena</item><item type="ort" xml:id="o_d2e4029">Jungfrau</item><item type="ort" xml:id="o_d2e4041">Jura</item><item type="ort" xml:id="o_d2e4073">Jura</item><item type="ort" xml:id="o_d2e4106">Kalchofen</item><item type="ort" xml:id="o_d2e4120">Kalifornien</item><item type="ort" xml:id="o_d2e4136">Kandergrund</item><item type="ort" xml:id="o_d2e4145">Kappel am Albis</item><item type="ort" xml:id="o_d2e4154">Kappelenbad</item><item type="ort" xml:id="o_d2e4166">Karlsruhe</item><item type="ort" xml:id="o_d2e4175">Kassel</item><item type="ort" xml:id="o_d2e4188">Kaukasus</item><item type="ort" xml:id="o_d2e4198">Kehl</item><item type="ort" xml:id="o_d2e4207">Kehrsatz</item><item type="ort" xml:id="o_d2e4216">Kernenried</item><item type="ort" xml:id="o_d2e4226">Kerzers</item><item type="ort" xml:id="o_d2e4232">Kiel</item><item type="ort" xml:id="o_d2e4243">Kiesen</item><item type="ort" xml:id="o_d2e4252">Kirchberg</item><item type="ort" xml:id="o_d2e4284">Kloten</item><item type="ort" xml:id="o_d2e4295">Konolfingen</item><item type="ort" xml:id="o_d2e4310">Konstanz</item><item type="ort" xml:id="o_d2e4319">Kopenhagen</item><item type="ort" xml:id="o_d2e4328">Koppigen</item><item type="ort" xml:id="o_d2e4355">Krauchthal</item><item type="ort" xml:id="o_d2e4370">Kreuzlingen</item><item type="ort" xml:id="o_d2e4380">Kreuzstraße</item><item type="ort" xml:id="o_d2e4392">Kriegstetten</item><item type="ort" xml:id="o_d2e4413">Kroatien</item><item type="ort" xml:id="o_d2e4423">Kuba</item><item type="ort" xml:id="o_d2e4433">Köln</item><item type="ort" xml:id="o_d2e4442">Königsberg</item><item type="ort" xml:id="o_d2e4456">Königsfelden</item><item type="ort" xml:id="o_d2e4472">Köniz</item><item type="ort" xml:id="o_d2e4491">Köslin</item><item type="ort" xml:id="o_d2e4503">Köthen</item><item type="ort" xml:id="o_d2e4514">Küssnacht</item><item type="ort" xml:id="o_d2e4527">Lachem</item><item type="ort" xml:id="o_d2e4539">Lambèse-Tazoult</item><item type="ort" xml:id="o_d2e4551">Landiswil</item><item type="ort" xml:id="o_d2e4560">Landkrug</item><item type="ort" xml:id="o_d2e4572">Landshut</item><item type="ort" xml:id="o_d2e4590">Langenbruck</item><item type="ort" xml:id="o_d2e4605">Langenthal</item><item type="ort" xml:id="o_d2e4628">Langnau im Emmental</item><item type="ort" xml:id="o_d2e4645">Lappland</item><item type="ort" xml:id="o_d2e4655">Lauerz</item><item type="ort" xml:id="o_d2e4667">Laufen</item><item type="ort" xml:id="o_d2e4677">Laupen</item><item type="ort" xml:id="o_d2e4702">Lauperswil</item><item type="ort" xml:id="o_d2e4717">Lausanne</item><item type="ort" xml:id="o_d2e4738">Lausen</item><item type="ort" xml:id="o_d2e4747">Lauterbach</item><item type="ort" xml:id="o_d2e4767">Le Locle</item><item type="ort" xml:id="o_d2e4779">Leimern</item><item type="ort" xml:id="o_d2e4797">Leipzig</item><item type="ort" xml:id="o_d2e4826">Lengnau</item><item type="ort" xml:id="o_d2e4843">Lenzburg</item><item type="ort" xml:id="o_d2e4858">Leukerbad</item><item type="ort" xml:id="o_d2e4875">Leuzigen</item><item type="ort" xml:id="o_d2e4888">Lichtensteig</item><item type="ort" xml:id="o_d2e4899">Liestal</item><item type="ort" xml:id="o_d2e4920">Ligerz</item><item type="ort" xml:id="o_d2e4929">Limpach</item><item type="ort" xml:id="o_d2e4938">Lindau</item><item type="ort" xml:id="o_d2e4947">Lissa</item><item type="ort" xml:id="o_d2e4961">Lissabon</item><item type="ort" xml:id="o_d2e4972">Littau</item><item type="ort" xml:id="o_d2e4984">Loccum</item><item type="ort" xml:id="o_d2e4996">Lochbach</item><item type="ort" xml:id="o_d2e5015">Lochbachbad</item><item type="ort" xml:id="o_d2e5027">Lombardei</item><item type="ort" xml:id="o_d2e5039">London</item><item type="ort" xml:id="o_d2e5064">Luchsmatt</item><item type="ort" xml:id="o_d2e5076">Luthern</item><item type="ort" xml:id="o_d2e5095">Luzern</item><item type="ort" xml:id="o_d2e5127">Lyon</item><item type="ort" xml:id="o_d2e5142">Lyss</item><item type="ort" xml:id="o_d2e5151">Lyssach</item><item type="ort" xml:id="o_d2e5160">Lörrach</item><item type="ort" xml:id="o_d2e5171">Lübeck</item><item type="ort" xml:id="o_d2e5181">Lüdern - Alp</item><item type="ort" xml:id="o_d2e5195">Lüneburg</item><item type="ort" xml:id="o_d2e5206">Lüsslingen</item><item type="ort" xml:id="o_d2e5218">Lüttich</item><item type="ort" xml:id="o_d2e5227">Lützelflüh</item><item type="ort" xml:id="o_d2e5271">Lützen</item><item type="ort" xml:id="o_d2e5281">Maad</item><item type="ort" xml:id="o_d2e5293">Madiswil</item><item type="ort" xml:id="o_d2e5302">Magdeburg</item><item type="ort" xml:id="o_d2e5323">Mailand</item><item type="ort" xml:id="o_d2e5334">Mainz</item><item type="ort" xml:id="o_d2e5343">Malta</item><item type="ort" xml:id="o_d2e5353">Marbach</item><item type="ort" xml:id="o_d2e5367">Marburg</item><item type="ort" xml:id="o_d2e5376">Marengo</item><item type="ort" xml:id="o_d2e5385">Mariastein</item><item type="ort" xml:id="o_d2e5397">Marignano</item><item type="ort" xml:id="o_d2e5410">Marokko</item><item type="ort" xml:id="o_d2e5420">Mauensee</item><item type="ort" xml:id="o_d2e5429">Mecklenburg</item><item type="ort" xml:id="o_d2e5441">Meikirch</item><item type="ort" xml:id="o_d2e5450">Meiringen</item><item type="ort" xml:id="o_d2e5465">Meißen</item><item type="ort" xml:id="o_d2e5474">Melchnau</item><item type="ort" xml:id="o_d2e5484">Mellingen</item><item type="ort" xml:id="o_d2e5500">Melton Mowbray</item><item type="ort" xml:id="o_d2e5509">Merligen</item><item type="ort" xml:id="o_d2e5531">Merseburg</item><item type="ort" xml:id="o_d2e5541">Mett</item><item type="ort" xml:id="o_d2e5555">Mettmenstetten</item><item type="ort" xml:id="o_d2e5564">Minden</item><item type="ort" xml:id="o_d2e5573">Mollis</item><item type="ort" xml:id="o_d2e5582">Mont Vully</item><item type="ort" xml:id="o_d2e5594">Mont-sur-Rolle</item><item type="ort" xml:id="o_d2e5603">Moosseedorf</item><item type="ort" xml:id="o_d2e5612">Morgarten</item><item type="ort" xml:id="o_d2e5628">Morges</item><item type="ort" xml:id="o_d2e5637">Moskau</item><item type="ort" xml:id="o_d2e5650">Mulhouse</item><item type="ort" xml:id="o_d2e5669">Murbach</item><item type="ort" xml:id="o_d2e5681">Murgenthal</item><item type="ort" xml:id="o_d2e5699">Muri (AG)</item><item type="ort" xml:id="o_d2e5712">Muri bei Bern</item><item type="ort" xml:id="o_d2e5721">Murten</item><item type="ort" xml:id="o_d2e5759">Mutten</item><item type="ort" xml:id="o_d2e5771">Muttenz</item><item type="ort" xml:id="o_d2e5786">Mutzloch</item><item type="ort" xml:id="o_d2e5798">Mâcon</item><item type="ort" xml:id="o_d2e5811">Männedorf</item><item type="ort" xml:id="o_d2e5820">Möhlin</item><item type="ort" xml:id="o_d2e5830">Mühleberg</item><item type="ort" xml:id="o_d2e5842">Mühleseilen</item><item type="ort" xml:id="o_d2e5854">Mümliswil</item><item type="ort" xml:id="o_d2e5870">München</item><item type="ort" xml:id="o_d2e5885">Münchenbuchsee</item><item type="ort" xml:id="o_d2e5917">Münneberg</item><item type="ort" xml:id="o_d2e5935">Münsingen</item><item type="ort" xml:id="o_d2e5957">Napf</item><item type="ort" xml:id="o_d2e5969">Neapel</item><item type="ort" xml:id="o_d2e5984">Neftenbach</item><item type="ort" xml:id="o_d2e5993">Neubukow</item><item type="ort" xml:id="o_d2e6005">Neuchâtel</item><item type="ort" xml:id="o_d2e6042">Neudietendorf</item><item type="ort" xml:id="o_d2e6054">Neuenegg</item><item type="ort" xml:id="o_d2e6071">Neukölln</item><item type="ort" xml:id="o_d2e6083">Neuseeland</item><item type="ort" xml:id="o_d2e6093">Neustettin</item><item type="ort" xml:id="o_d2e6105">New York</item><item type="ort" xml:id="o_d2e6115">Nidau</item><item type="ort" xml:id="o_d2e6140">Niederbipp</item><item type="ort" xml:id="o_d2e6160">Niederönz</item><item type="ort" xml:id="o_d2e6167">Northeim</item><item type="ort" xml:id="o_d2e6181">Novara</item><item type="ort" xml:id="o_d2e6190">Nyon</item><item type="ort" xml:id="o_d2e6199">Näfels</item><item type="ort" xml:id="o_d2e6213">Nörten</item><item type="ort" xml:id="o_d2e6225">Nürnberg</item><item type="ort" xml:id="o_d2e6235">Oberburg</item><item type="ort" xml:id="o_d2e6267">Oberdorf</item><item type="ort" xml:id="o_d2e6273">Oberei</item><item type="ort" xml:id="o_d2e6285">Oberried</item><item type="ort" xml:id="o_d2e6299">Obwalden</item><item type="ort" xml:id="o_d2e6311">Olsberg</item><item type="ort" xml:id="o_d2e6324">Olten</item><item type="ort" xml:id="o_d2e6333">Orbe</item><item type="ort" xml:id="o_d2e6345">Oschatz</item><item type="ort" xml:id="o_d2e6354">Ostende</item><item type="ort" xml:id="o_d2e6363">Ostermundigen</item><item type="ort" xml:id="o_d2e6445">Paris</item><item type="ort" xml:id="o_d2e6487">Pavia</item><item type="ort" xml:id="o_d2e6496">Payerne</item><item type="ort" xml:id="o_d2e6512">Pest</item><item type="ort" xml:id="o_d2e6524">Petersburg</item><item type="ort" xml:id="o_d2e6541">Petershagen</item><item type="ort" xml:id="o_d2e6550">Petrovaradin</item><item type="ort" xml:id="o_d2e6562">Pfaffenmoos</item><item type="ort" xml:id="o_d2e6574">Pfäfers</item><item type="ort" xml:id="o_d2e6587">Pieterlen</item><item type="ort" xml:id="o_d2e6596">Pisa</item><item type="ort" xml:id="o_d2e6606">Piuro</item><item type="ort" xml:id="o_d2e6618">Polazk</item><item type="ort" xml:id="o_d2e6630">Polen</item><item type="ort" xml:id="o_d2e6648">Poliez-le-Grand</item><item type="ort" xml:id="o_d2e6657">Pontarlier</item><item type="ort" xml:id="o_d2e6673">Porrentruy</item><item type="ort" xml:id="o_d2e6693">Portugal</item><item type="ort" xml:id="o_d2e6709">Posen</item><item type="ort" xml:id="o_d2e6718">Potsdam</item><item type="ort" xml:id="o_d2e6727">Prag</item><item type="ort" xml:id="o_d2e6736">Pratteln</item><item type="ort" xml:id="o_d2e6748">Preußen</item><item type="ort" xml:id="o_d2e6789">Provence</item><item type="ort" xml:id="o_d2e6801">Putbus</item><item type="ort" xml:id="o_d2e6811">Quedlinburg</item><item type="ort" xml:id="o_d2e6820">Querfurt</item><item type="ort" xml:id="o_d2e6830">Radelfingen</item><item type="ort" xml:id="o_d2e6839">Ramsei</item><item type="ort" xml:id="o_d2e6851">Ranflüh</item><item type="ort" xml:id="o_d2e6879">Rapperswil</item><item type="ort" xml:id="o_d2e6890">Rastatt</item><item type="ort" xml:id="o_d2e6899">Rehburg</item><item type="ort" xml:id="o_d2e6911">Reichenau (Kloster)</item><item type="ort" xml:id="o_d2e6923">Reichenbach bei Bern</item><item type="ort" xml:id="o_d2e6935">Reinach</item><item type="ort" xml:id="o_d2e6941">Reisiswil</item><item type="ort" xml:id="o_d2e6950">Reutigen</item><item type="ort" xml:id="o_d2e6960">Rheineck</item><item type="ort" xml:id="o_d2e6969">Rheinfelden</item><item type="ort" xml:id="o_d2e6982">Ribnitz</item><item type="ort" xml:id="o_d2e6994">Richigen</item><item type="ort" xml:id="o_d2e7006">Riedmatt</item><item type="ort" xml:id="o_d2e7018">Riedtwil</item><item type="ort" xml:id="o_d2e7030">Riefershäusern (nicht
							Rimmershäusern)</item><item type="ort" xml:id="o_d2e7042">Riggisberg</item><item type="ort" xml:id="o_d2e7053">Rigi</item><item type="ort" xml:id="o_d2e7069">Rinteln</item><item type="ort" xml:id="o_d2e7078">Rohrbach</item><item type="ort" xml:id="o_d2e7088">Rohrmoos</item><item type="ort" xml:id="o_d2e7100">Rom</item><item type="ort" xml:id="o_d2e7111">Roncesvalles</item><item type="ort" xml:id="o_d2e7123">Roppenheim</item><item type="ort" xml:id="o_d2e7134">Rostock</item><item type="ort" xml:id="o_d2e7143">Rothenturm</item><item type="ort" xml:id="o_d2e7154">Rothrist</item><item type="ort" xml:id="o_d2e7165">Rubigen</item><item type="ort" xml:id="o_d2e7174">Rudswil</item><item type="ort" xml:id="o_d2e7186">Rumendingen</item><item type="ort" xml:id="o_d2e7197">Russland</item><item type="ort" xml:id="o_d2e7251">Röthenbach bei Herzogenbuchsee</item><item type="ort" xml:id="o_d2e7265">Röthenbach im Emmental</item><item type="ort" xml:id="o_d2e7290">Rüderswil</item><item type="ort" xml:id="o_d2e7308">Rüeggisberg</item><item type="ort" xml:id="o_d2e7319">Rüegsau</item><item type="ort" xml:id="o_d2e7351">Rüegsauschachen</item><item type="ort" xml:id="o_d2e7366">Rüegsbach</item><item type="ort" xml:id="o_d2e7378">Rüfenacht</item><item type="ort" xml:id="o_d2e7390">Rügen</item><item type="ort" xml:id="o_d2e7410">Rümlingen</item><item type="ort" xml:id="o_d2e7416">Rüti</item><item type="ort" xml:id="o_d2e7429">Rütschelen</item><item type="ort" xml:id="o_d2e7439">Saanen</item><item type="ort" xml:id="o_d2e7448">Sachseln</item><item type="ort" xml:id="o_d2e7457">Sachsen</item><item type="ort" xml:id="o_d2e7479">Saint-Imier</item><item type="ort" xml:id="o_d2e7497">Saint-Louis (Haut-Rhin)</item><item type="ort" xml:id="o_d2e7506">Sallanches</item><item type="ort" xml:id="o_d2e7515">Salzderhelden</item><item type="ort" xml:id="o_d2e7527">Sarbinowo</item><item type="ort" xml:id="o_d2e7539">Sardinien</item><item type="ort" xml:id="o_d2e7551">Sarnen</item><item type="ort" xml:id="o_d2e7562">Schaffhausen</item><item type="ort" xml:id="o_d2e7589">Schafhausen im Emmental</item><item type="ort" xml:id="o_d2e7599">Schallenberg</item><item type="ort" xml:id="o_d2e7611">Schangnau</item><item type="ort" xml:id="o_d2e7632">Schattenhalb</item><item type="ort" xml:id="o_d2e7641">Schillerslage</item><item type="ort" xml:id="o_d2e7653">Schinznach</item><item type="ort" xml:id="o_d2e7664">Schlesien</item><item type="ort" xml:id="o_d2e7682">Schliern</item><item type="ort" xml:id="o_d2e7694">Schlosswil</item><item type="ort" xml:id="o_d2e7706">Schnerzenbach</item><item type="ort" xml:id="o_d2e7718">Schnetzenschachen</item><item type="ort" xml:id="o_d2e7731">Schulpforte</item><item type="ort" xml:id="o_d2e7743">Schupposen</item><item type="ort" xml:id="o_d2e7759">Schwanau</item><item type="ort" xml:id="o_d2e7771">Schwanden</item><item type="ort" xml:id="o_d2e7783">Schwarzenburg</item><item type="ort" xml:id="o_d2e7794">Schweissberg</item><item type="ort" xml:id="o_d2e7806">Schwyz</item><item type="ort" xml:id="o_d2e7826">Schöftland</item><item type="ort" xml:id="o_d2e7835">Schönbrunnen</item><item type="ort" xml:id="o_d2e7849">Schönbühl</item><item type="ort" xml:id="o_d2e7863">Schüpbach</item><item type="ort" xml:id="o_d2e7884">Schüpfen</item><item type="ort" xml:id="o_d2e7897">Seeberg</item><item type="ort" xml:id="o_d2e7916">Seelisberg</item><item type="ort" xml:id="o_d2e7927">Selzach</item><item type="ort" xml:id="o_d2e7936">Sempach</item><item type="ort" xml:id="o_d2e7957">Sewastopol</item><item type="ort" xml:id="o_d2e7966">Siebenbürgen</item><item type="ort" xml:id="o_d2e7980">Signau</item><item type="ort" xml:id="o_d2e7999">Sigriswil</item><item type="ort" xml:id="o_d2e8012">Simmental</item><item type="ort" xml:id="o_d2e8028">Sissach</item><item type="ort" xml:id="o_d2e8042">Solferino</item><item type="ort" xml:id="o_d2e8051">Solothurn</item><item type="ort" xml:id="o_d2e8117">Soltau</item><item type="ort" xml:id="o_d2e8126">Sonnenberg</item><item type="ort" xml:id="o_d2e8138">Sool</item><item type="ort" xml:id="o_d2e8150">Spandau</item><item type="ort" xml:id="o_d2e8162">Spanien</item><item type="ort" xml:id="o_d2e8199">Spiez</item><item type="ort" xml:id="o_d2e8210">St. Gallen</item><item type="ort" xml:id="o_d2e8236">St. Jakob an der Birs</item><item type="ort" xml:id="o_d2e8264">St. Moritz</item><item type="ort" xml:id="o_d2e8274">St. Niklaus bei Koppigen</item><item type="ort" xml:id="o_d2e8288">St. Urban</item><item type="ort" xml:id="o_d2e8308">Stalden</item><item type="ort" xml:id="o_d2e8322">Stans</item><item type="ort" xml:id="o_d2e8333">Stansstad</item><item type="ort" xml:id="o_d2e8342">Steffisburg</item><item type="ort" xml:id="o_d2e8353">Steiermark</item><item type="ort" xml:id="o_d2e8365">Steinen</item><item type="ort" xml:id="o_d2e8374">Steinhude</item><item type="ort" xml:id="o_d2e8386">Stettlen</item><item type="ort" xml:id="o_d2e8397">Straßburg</item><item type="ort" xml:id="o_d2e8426">Strengelbach</item><item type="ort" xml:id="o_d2e8435">Stuttgart</item><item type="ort" xml:id="o_d2e8448">Subingen</item><item type="ort" xml:id="o_d2e8460">Suhr</item><item type="ort" xml:id="o_d2e8469">Sumiswald</item><item type="ort" xml:id="o_d2e8513">Sursee</item><item type="ort" xml:id="o_d2e8534">Sächsische Schweiz</item><item type="ort" xml:id="o_d2e8547">Tannen</item><item type="ort" xml:id="o_d2e8561">Tannerboden</item><item type="ort" xml:id="o_d2e8573">Temeswar</item><item type="ort" xml:id="o_d2e8585">Tessin</item><item type="ort" xml:id="o_asp_wsd_hjb">Test</item><item type="ort" xml:id="o_d2e8601">Thorberg</item><item type="ort" xml:id="o_d2e8621">Thun</item><item type="ort" xml:id="o_d2e8665">Thurgau</item><item type="ort" xml:id="o_d2e8689">Thusis</item><item type="ort" xml:id="o_d2e8698">Thörigen</item><item type="ort" xml:id="o_d2e8709">Toggenburg</item><item type="ort" xml:id="o_d2e8723">Trachselwald</item><item type="ort" xml:id="o_d2e8756">Tramelan</item><item type="ort" xml:id="o_d2e8769">Treib</item><item type="ort" xml:id="o_d2e8781">Trenton</item><item type="ort" xml:id="o_d2e8790">Trogen</item><item type="ort" xml:id="o_d2e8796">Trub</item><item type="ort" xml:id="o_d2e8815">Trubschachen</item><item type="ort" xml:id="o_d2e8824">Trun</item><item type="ort" xml:id="o_d2e8833">Truttikon</item><item type="ort" xml:id="o_d2e8839">Tunis</item><item type="ort" xml:id="o_d2e8848">Twann</item><item type="ort" xml:id="o_d2e8860">Tübingen</item><item type="ort" xml:id="o_d2e8872">Türkei</item><item type="ort" xml:id="o_d2e8891">Uetigen</item><item type="ort" xml:id="o_d2e8901">Ungarn</item><item type="ort" xml:id="o_d2e8923">Unterseen</item><item type="ort" xml:id="o_d2e8938">Unterwalden</item><item type="ort" xml:id="o_d2e8958">Uri</item><item type="ort" xml:id="o_d2e8976">Ursellen</item><item type="ort" xml:id="o_d2e8985">Ursenbach</item><item type="ort" xml:id="o_d2e8994">Urtenen</item><item type="ort" xml:id="o_d2e9006">Uster</item><item type="ort" xml:id="o_d2e9017">Utzenstorf</item><item type="ort" xml:id="o_d2e9061">Utzigen</item><item type="ort" xml:id="o_d2e9074">Val de Ruz</item><item type="ort" xml:id="o_d2e9086">Vallée des Dappes</item><item type="ort" xml:id="o_d2e9100">Vechigen</item><item type="ort" xml:id="o_d2e9109">Venedig</item><item type="ort" xml:id="o_d2e9118">Versailles</item><item type="ort" xml:id="o_d2e9130">Vevey</item><item type="ort" xml:id="o_d2e9158">Villmergen</item><item type="ort" xml:id="o_d2e9177">Vilnius</item><item type="ort" xml:id="o_d2e9189">Vögelinsegg</item><item type="ort" xml:id="o_d2e9205">Waadt</item><item type="ort" xml:id="o_d2e9231">Wabern</item><item type="ort" xml:id="o_d2e9247">Waldenburg</item><item type="ort" xml:id="o_d2e9258">Waldhaus</item><item type="ort" xml:id="o_d2e9270">Walkringen</item><item type="ort" xml:id="o_d2e9289">Wallis</item><item type="ort" xml:id="o_d2e9309">Walliswil</item><item type="ort" xml:id="o_d2e9321">Walperswil</item><item type="ort" xml:id="o_d2e9332">Walterswil</item><item type="ort" xml:id="o_d2e9341">Waltrigen</item><item type="ort" xml:id="o_d2e9355">Wangen an der Aare</item><item type="ort" xml:id="o_d2e9379">Wankdorf</item><item type="ort" xml:id="o_d2e9391">Wanzwil</item><item type="ort" xml:id="o_d2e9403">Warschau</item><item type="ort" xml:id="o_d2e9412">Wartburg (SO oder AG)</item><item type="ort" xml:id="o_d2e9424">Wasen im Emmental</item><item type="ort" xml:id="o_d2e9440">Waterloo</item><item type="ort" xml:id="o_d2e9449">Weesen</item><item type="ort" xml:id="o_d2e9458">Weil am Rhein</item><item type="ort" xml:id="o_d2e9467">Weimar</item><item type="ort" xml:id="o_d2e9478">Weinfelden</item><item type="ort" xml:id="o_d2e9484">Weissenburg</item><item type="ort" xml:id="o_d2e9503">Weißenfels</item><item type="ort" xml:id="o_d2e9514">Welle</item><item type="ort" xml:id="o_d2e9523">Wernigerode</item><item type="ort" xml:id="o_d2e9532">Wettingen</item><item type="ort" xml:id="o_d2e9543">Wiedlisbach</item><item type="ort" xml:id="o_d2e9556">Wien</item><item type="ort" xml:id="o_d2e9577">Wiesbaden</item><item type="ort" xml:id="o_d2e9586">Wiler bei Utzenstorf</item><item type="ort" xml:id="o_d2e9599">Willisau</item><item type="ort" xml:id="o_d2e9620">Wimmis</item><item type="ort" xml:id="o_d2e9635">Windisch</item><item type="ort" xml:id="o_d2e9650">Winistorf</item><item type="ort" xml:id="o_d2e9662">Winterthur</item><item type="ort" xml:id="o_d2e9675">Wittenberg</item><item type="ort" xml:id="o_d2e9687">Witzenhausen</item><item type="ort" xml:id="o_d2e9698">Wohlen bei Bern</item><item type="ort" xml:id="o_d2e9707">Wolfenschiessen</item><item type="ort" xml:id="o_d2e9716">Wolhusen</item><item type="ort" xml:id="o_d2e9725">Worb</item><item type="ort" xml:id="o_d2e9734">Wunstorf</item><item type="ort" xml:id="o_d2e9743">Wynau</item><item type="ort" xml:id="o_d2e9752">Wynigen</item><item type="ort" xml:id="o_d2e9776">Wyssachen</item><item type="ort" xml:id="o_d2e9788">Wülflingen</item><item type="ort" xml:id="o_d2e9800">Württemberg</item><item type="ort" xml:id="o_d2e9817">Würzbrunnen</item><item type="ort" xml:id="o_d2e9827">Xaxa</item><item type="ort" xml:id="o_d2e9842">Yvorne</item><item type="ort" xml:id="o_d2e9856">Zell</item><item type="ort" xml:id="o_d2e9865">Zielebach</item><item type="ort" xml:id="o_d2e9874">Zimmerberg</item><item type="ort" xml:id="o_d2e9890">Zofingen</item><item type="ort" xml:id="o_d2e9911">Zug</item><item type="ort" xml:id="o_d2e9931">Zäziwil</item><item type="ort" xml:id="o_d2e9942">Zürich</item><item type="ort" xml:id="o_d2e517">Ägypten</item><item type="ort" xml:id="o_d2e6373">Önz</item><item type="ort" xml:id="o_d2e6394">Ösch</item><item type="ort" xml:id="o_d2e6406">Österreich</item></list>