<?xml version="1.0" encoding="UTF-8"?>
<list type="personenregister"><item type="person" xml:id="n_D8Y"> Metzler, ?</item><item type="person" xml:id="n_F1I">Aeschlimann, Johann Rudolf</item><item type="person" xml:id="n_F2U">Affolter, Samuel</item><item type="person" xml:id="n_F0U">Althaus, Johann</item><item type="person" xml:id="n_F9U">Amport, Hans</item><item type="person" xml:id="n_F6E">Amport, Samuel</item><item type="person" xml:id="n_B6E">Amrhyn, Joseph Carl
                            Franz</item><item type="person" xml:id="n_E3U">Anhatt, Georg</item><item type="person" xml:id="n_E2Y">Avenarius-Mendelssohn, ?</item><item type="person" xml:id="n_D6I">Bachmann, C.C.</item><item type="person" xml:id="n_B6O">Baggesen, Carl Albrecht Reinhold</item><item type="person" xml:id="n_A1O">Baumann, Johann Jakob</item><item type="person" xml:id="n_F8I">Baumgartner, Peter</item><item type="person" xml:id="n_B6U">Baumgartner, Rudolf Bernhard</item><item type="person" xml:id="n_B6Y">Berthoud, Samuel-Henri</item><item type="person" xml:id="n_B7A">Beyel, Christian</item><item type="person" xml:id="n_A4A">Bitzius, Bernhard Albert</item><item type="person" xml:id="n_A6A">Bitzius, Cécile</item><item type="person" xml:id="n_B7O">Bitzius, Friedrich Bernhard</item><item type="person" xml:id="n_B7I">Bitzius, Karl Friedrich</item><item type="person" xml:id="n_E5I">Bitzius, Maria Magdalena (Marie)</item><item type="person" xml:id="n_B7U">Bitzius, Marie Henriette</item><item type="person" xml:id="n_D7A">Bitzius, S.</item><item type="person" xml:id="n_B5A">Bitzius, Samuel</item><item type="person" xml:id="n_B7Y">Bitzius, Sigmund</item><item type="person" xml:id="n_B5E">Bitzius-Kohler, Elisabeth</item><item type="person" xml:id="n_A6I">Bitzius-Zeender, Henriette
                                Elisabeth</item><item type="person" xml:id="n_F8Y">Blaser, Peter</item><item type="person" xml:id="n_B8A">Blösch, Cäsar Adolf</item><item type="person" xml:id="n_B8E">Blösch, Eduard Eugen</item><item type="person" xml:id="n_A5I">Blösch-Lichtenhahn, Julie
                                Elisabeth</item><item type="person" xml:id="n_E5O">Bohren, Peter</item><item type="person" xml:id="n_B8I">Born, Johann Baptist</item><item type="person" xml:id="n_D6O">Braun, Heinrich</item><item type="person" xml:id="n_A1E">Brockhaus, Heinrich</item><item type="person" xml:id="n_B8O">Brosi, Johann Baptist</item><item type="person" xml:id="n_A8E">Buchon, Maximin</item><item type="person" xml:id="n_A4E">Burckhardt-Gemuseus, Johann
                                Konrad</item><item type="person" xml:id="n_E6Y">Burgdorfer, Gottlieb</item><item type="person" xml:id="n_F3A">Buri, Bendicht</item><item type="person" xml:id="n_F3U">Burkhalter, Jakob</item><item type="person" xml:id="n_B8U">Burkhalter, Joseph</item><item type="person" xml:id="n_F1Y">Burkhalter am Rain, Samuel</item><item type="person" xml:id="n_A0E">Buttmann, Philipp</item><item type="person" xml:id="n_A5O">Bähler, Karl
                            Wilhelm</item><item type="person" xml:id="n_B6I">Bähler, Rudolf Albrecht</item><item type="person" xml:id="n_E9A">Bärtschi, Jakob</item><item type="person" xml:id="n_F2A">Bärtschi, Ulrich</item><item type="person" xml:id="n_A9Y">Christeller, Nannette</item><item type="person" xml:id="n_A0A">Clias, Phokion Heinrich</item><item type="person" xml:id="n_E3A">Cujak, ?</item><item type="person" xml:id="n_A8U">Dalp, Johann Felix Jacob</item><item type="person" xml:id="n_E3O">Dein alter Heisi, </item><item type="person" xml:id="n_A7Y">Descombaz, Samuel
                                (Abram-Edouard-Jean-Pierre-Louis-Samuel)</item><item type="person" xml:id="n_D9I">Desgouttes, Emanuel</item><item type="person" xml:id="n_F6O">Domi, Andreas</item><item type="person" xml:id="n_F6I">Domi, Christen</item><item type="person" xml:id="n_A7E">Duboc, Charles Edouard</item><item type="person" xml:id="n_B8Y">Döhner, Gotthilf Ferdinand</item><item type="person" xml:id="n_E1E">Dürn, </item><item type="person" xml:id="n_A4O">Eckardt, Ludwig</item><item type="person" xml:id="n_E9U">Effinger, Rudolf Emanuel (von
                                Wildegg)</item><item type="person" xml:id="n_B9A">Effinger-Wildegg, Albrecht</item><item type="person" xml:id="n_B9E">Ehrenstein, (Luise) Sophie von</item><item type="person" xml:id="n_D8U">Enslin, K.</item><item type="person" xml:id="n_A8Y">Fankhauser, Ludwig</item><item type="person" xml:id="n_B9I">Farschon, Gabriel</item><item type="person" xml:id="n_D9Y">Fasnacht, Johann Ludwig</item><item type="person" xml:id="n_A6E">Favarger, Isabelle</item><item type="person" xml:id="n_B9O">Feierabend, Maurus August</item><item type="person" xml:id="n_E4I">Fellenberg, Philipp Emanuel</item><item type="person" xml:id="n_E0I">Fellenberg, Wilhelm Tell von</item><item type="person" xml:id="n_B9U">Fetscherin, Bernhard Rudolf</item><item type="person" xml:id="n_E6U">Fetscherin, Samuel Rudolf</item><item type="person" xml:id="n_D8O">Feuerstein, L.</item><item type="person" xml:id="n_A0I">Fischer, Franz Friedrich</item><item type="person" xml:id="n_F4Y">Fischer, Ludwig</item><item type="person" xml:id="n_A0O">Flügel, Franz Abraham Samuel</item><item type="person" xml:id="n_E1Y">Friedli, ?</item><item type="person" xml:id="n_E1U">Fromm, Ludwig</item><item type="person" xml:id="n_A8O">Fröbel, Friedrich</item><item type="person" xml:id="n_B9Y">Fröhlich, Abraham Emanuel</item><item type="person" xml:id="n_G1U">Fues, Gottlieb</item><item type="person" xml:id="n_B0A">Fueter, Emanuel Eduard</item><item type="person" xml:id="n_A0U">Garcki, Louis</item><item type="person" xml:id="n_E2U">Gassmann, Franz Joseph Amatus</item><item type="person" xml:id="n_E1O">Gatschet, Johann Rudolf</item><item type="person" xml:id="n_D9U">Gebner, Sigmund</item><item type="person" xml:id="n_E8Y">Geißbühler, Christian</item><item type="person" xml:id="n_E7E">Geißbühler, Friedrich</item><item type="person" xml:id="n_E7A">Geißbühler, Johann</item><item type="person" xml:id="n_A4Y">Geißbühler, Ulrich</item><item type="person" xml:id="n_B0E">Gersdorf, Irenäus</item><item type="person" xml:id="n_A7U">Gerster, Abraham Adolf</item><item type="person" xml:id="n_D6Y">Gerster, Marie Elise</item><item type="person" xml:id="n_E3Y">Gotthelf, Jeremias</item><item type="person" xml:id="n_B0I">Goundie, George H.</item><item type="person" xml:id="n_F9O">Graber, Ulrich</item><item type="person" xml:id="n_B0O">Graf, Emilie</item><item type="person" xml:id="n_B0U">Graf, Julie</item><item type="person" xml:id="n_B0Y">Graf, Ludwig Theophil</item><item type="person" xml:id="n_C1Y">Graffenried, Caroline</item><item type="person" xml:id="n_A7I">Greyerz, Alphons</item><item type="person" xml:id="n_E2E">Grossmutter Käthi, </item><item type="person" xml:id="n_E9Y">Gruber, Samuel Abraham</item><item type="person" xml:id="n_C2A">Guggenbühl, Johann Jakob</item><item type="person" xml:id="n_C2E">Gutknecht, Christoph</item><item type="person" xml:id="n_E5U">Güdel, Samuel</item><item type="person" xml:id="n_F4U">Haas, Franz Ludwig</item><item type="person" xml:id="n_F6A">Habegger, Ulrich</item><item type="person" xml:id="n_A8I">Hackländer, Friedrich Wilhelm
                                von</item><item type="person" xml:id="n_C2I">Hagenbach, Karl Rudolf</item><item type="person" xml:id="n_C2O">Hahn, Ludwig Emanuel</item><item type="person" xml:id="n_A2E">Hallberger, Eduard</item><item type="person" xml:id="n_E5Y">Haller, Albrecht
                            Friedrich</item><item type="person" xml:id="n_C2U">Haller, Jakob Emanuel Franz</item><item type="person" xml:id="n_C2Y">Hartmann, Alfred</item><item type="person" xml:id="n_A2Y">Haueter, Peter</item><item type="person" xml:id="n_F5A">Hebler, Carl</item><item type="person" xml:id="n_E9O">Hebler, Ludwig</item><item type="person" xml:id="n_C3A">Hermann-Thibaut, Marie Caroline
                                Ernestine</item><item type="person" xml:id="n_C3E">Herzog, Franz Xaver</item><item type="person" xml:id="n_D6U">Heubel, H.</item><item type="person" xml:id="n_A3O">Heyfelder, Frieda</item><item type="person" xml:id="n_A3I">Heyfelder, Oskar</item><item type="person" xml:id="n_D5U">Heyking, A.</item><item type="person" xml:id="n_E8O">Hirsbrunner, Johann</item><item type="person" xml:id="n_F2O">Hofer, Michael</item><item type="person" xml:id="n_F2Y">Hofmann, Chr[istian]</item><item type="person" xml:id="n_F0E">Hofmann, Joh.</item><item type="person" xml:id="n_F5I">Hofmann, Joh. Ulrich</item><item type="person" xml:id="n_F7A">Hofmann, Johann</item><item type="person" xml:id="n_F9E">Hofmann, Ludwig</item><item type="person" xml:id="n_F7I">Hofmann, Peter</item><item type="person" xml:id="n_A6Y">Hähl, Emanuel</item><item type="person" xml:id="n_D9O">Höfer, Edmund</item><item type="person" xml:id="n_A9A">Höhr, Salomon</item><item type="person" xml:id="n_B1A">Hübner, Julius</item><item type="person" xml:id="n_C3I">Hünerwadel, Samuel Gottlieb</item><item type="person" xml:id="n_C3O">Immer, Albert Heinrich</item><item type="person" xml:id="n_F4I">Iseli, Jakob</item><item type="person" xml:id="n_A3Y">Iten, Xaver</item><item type="person" xml:id="n_D6A">J.W.Z., </item><item type="person" xml:id="n_D6E">J.v.J., </item><item type="person" xml:id="n_E8E">Jaggi, Daniel</item><item type="person" xml:id="n_E8A">Jahn, Carl (Karl August
                                Bernhard)</item><item type="person" xml:id="n_C3U">Jenni, Christian Albrecht</item><item type="person" xml:id="n_C3Y">Jenni, Samuel
                            Friedrich</item><item type="person" xml:id="n_C4A">Jent, Franz Louis</item><item type="person" xml:id="n_C4E">Jent-Reinert, Sophie Barbara</item><item type="person" xml:id="n_F9I">Joß, Heinrich</item><item type="person" xml:id="n_F5E">Joß, Joh.</item><item type="person" xml:id="n_E0O">Jseli, Ulrich</item><item type="person" xml:id="n_D0A">Karrer, Karl</item><item type="person" xml:id="n_C4I">Kehrli, Elisabeth</item><item type="person" xml:id="n_C4O">Keller, Friedrich Ludwig</item><item type="person" xml:id="n_E8U">Kernen, Eduard</item><item type="person" xml:id="n_E1I">Kiburger, Bendicht</item><item type="person" xml:id="n_F4E">Kipfer, Andreas</item><item type="person" xml:id="n_C4U">Kirchhofer, Johannes</item><item type="person" xml:id="n_B1I">Kohler, Constanze</item><item type="person" xml:id="n_B1O">Kohler, Fritz</item><item type="person" xml:id="n_C5E">Kuhn, Gottlieb Jakob</item><item type="person" xml:id="n_B1U">Kuhn, Rudolf</item><item type="person" xml:id="n_C5I">Kummer-Lindt, Elsbeth</item><item type="person" xml:id="n_D0I">Kunze, Christian Gottlob</item><item type="person" xml:id="n_G1I">Kupferschmid, Friedrich</item><item type="person" xml:id="n_F3Y">Kurz, Ludwig
                            Friedrich</item><item type="person" xml:id="n_D5Y">Köhler, G.E.</item><item type="person" xml:id="n_B5I">König, Emanuel Johann</item><item type="person" xml:id="n_C4Y">Körber, Johann</item><item type="person" xml:id="n_C5A">Küpfer, Carl Rudolph</item><item type="person" xml:id="n_C5O">Langlois, Carl Heinrich</item><item type="person" xml:id="n_B1Y">Lantz, Carl</item><item type="person" xml:id="n_E8I">Lauterburg, Bernhard Emanuel</item><item type="person" xml:id="n_G2A">Lauterburg, Daniel Albrecht</item><item type="person" xml:id="n_A9E">Lauterburg, Georg Emanuel Samuel</item><item type="person" xml:id="n_F4O">Lehmann, Samuel</item><item type="person" xml:id="n_F5Y">Lerch, Jakob</item><item type="person" xml:id="n_B5U">Lerch, Wilhelm</item><item type="person" xml:id="n_C5U">Leyendecker, Philipp</item><item type="person" xml:id="n_F5U">Liechti, Anderes</item><item type="person" xml:id="n_F6U">Liechti, Johannes</item><item type="person" xml:id="n_C5Y">Lindenmann, Rudolf</item><item type="person" xml:id="n_B2E">Linder, Johannes</item><item type="person" xml:id="n_C6A">Lindt, Albert</item><item type="person" xml:id="n_A0Y">Lindt, Anna</item><item type="person" xml:id="n_C6E">Lindt, Johann Ludwig</item><item type="person" xml:id="n_C6I">Lindt-Clias, Carolina Catherina</item><item type="person" xml:id="n_F2I">Locher, Christian</item><item type="person" xml:id="n_E2A">Lohbauer, ?</item><item type="person" xml:id="n_C1A">Louise, </item><item type="person" xml:id="n_C6O">Lusser, Florian</item><item type="person" xml:id="n_C6U">Lutz, Johann Ludwig Samuel</item><item type="person" xml:id="n_E7U">Läng, Samuel</item><item type="person" xml:id="n_C1O">Löschke, Johann Traugott</item><item type="person" xml:id="n_B2I">Lüthardt, Friedrich Franz
                                Niklaus</item><item type="person" xml:id="n_F3I">Lüthi, Niklaus</item><item type="person" xml:id="n_B2O">Lüthy, Franz Ludwig</item><item type="person" xml:id="n_E0A">Mager, Karl Wilhelm Ernst</item><item type="person" xml:id="n_C6Y">Manuel, Christian Friedrich</item><item type="person" xml:id="n_C7A">Marcolin, Christian</item><item type="person" xml:id="n_C7E">Martin, Johannes</item><item type="person" xml:id="n_B2U">Matern, Thaida</item><item type="person" xml:id="n_A5Y">Mathey Dupraz, Edouard-Climi</item><item type="person" xml:id="n_C7I">Maurer-von Constant, Johann
                                Heinrich</item><item type="person" xml:id="n_E1A">May, Carl Viktor von</item><item type="person" xml:id="n_B2Y">May, Rudolf Bartholomäus (Barthlome) Alfred
                                (von)</item><item type="person" xml:id="n_C7O">Mayer, Gustav</item><item type="person" xml:id="n_B5O">Meisner, Carl Daniel Friedrich</item><item type="person" xml:id="n_A1A">Meißner, Otto</item><item type="person" xml:id="n_C7U">Menzel, Wolfgang</item><item type="person" xml:id="n_C7Y">Meyer von Knonau, Gerold</item><item type="person" xml:id="n_A2A">Michel, Jean Georges</item><item type="person" xml:id="n_A6U">Micheli du Crest, Jean-Michel</item><item type="person" xml:id="n_A8A">Morlot, Karl Adolf von</item><item type="person" xml:id="n_C8A">Moser, Samuel Friedrich</item><item type="person" xml:id="n_F0O">Muttet, Johanes</item><item type="person" xml:id="n_B7E">Mörikofer, Johann Caspar</item><item type="person" xml:id="n_C8E">Müller, Adam</item><item type="person" xml:id="n_C8I">Müller, Eduard Ludwig Gabriel
                                von</item><item type="person" xml:id="n_B3A">Müller, Johann</item><item type="person" xml:id="n_C8O">Müller, Theodor</item><item type="person" xml:id="n_C8U">Nacke, Carl</item><item type="person" xml:id="n_A6O">Naef, François</item><item type="person" xml:id="n_E4O">Neuhaus, Charles</item><item type="person" xml:id="n_F3O">Neuhaus, Johannes</item><item type="person" xml:id="n_A5A">Nägeli-Ziegler, Sophie</item><item type="person" xml:id="n_F8A">Oppliger, Johannes</item><item type="person" xml:id="n_D0Y">Pabst, ?</item><item type="person" xml:id="n_B3E">Pachler, Faust</item><item type="person" xml:id="n_A1U">Pfluger, Anton Joseph</item><item type="person" xml:id="n_D0E">Pfyffer, Johann Jakob Xaver von</item><item type="person" xml:id="n_C8Y">Pfäffli, Johann</item><item type="person" xml:id="n_A3U">Pierre, Adèle de</item><item type="person" xml:id="n_C9A">Piper, Ferdinand Karl Wilhelm</item><item type="person" xml:id="n_A9I">Planta, Peter Conradin von</item><item type="person" xml:id="n_B6A">Poschung, Sagne J.</item><item type="person" xml:id="n_C9E">Possart, Paul Anton Fredor
                                Konstantin</item><item type="person" xml:id="n_A1I">Preiswerk, Samuel</item><item type="person" xml:id="n_A1Y">Preußen, Augusta von</item><item type="person" xml:id="n_A4I">Pröhle, Heinrich</item><item type="person" xml:id="n_C9I">Pupikofer, Johann Adam</item><item type="person" xml:id="n_G1A">Pärli, Friedrich</item><item type="person" xml:id="n_G1E">Pärli, Jakob</item><item type="person" xml:id="n_E0U">Pärli, Johann</item><item type="person" xml:id="n_F1O">Pärli, Peter</item><item type="person" xml:id="n_C9O">Rahn-Escher, Hans Konrad</item><item type="person" xml:id="n_F8E">Ramseier, Christen</item><item type="person" xml:id="n_C9U">Rank, Josef</item><item type="person" xml:id="n_C9Y">Rauchenstein, Rudolf</item><item type="person" xml:id="n_C0A">Reithard, Johann Jakob</item><item type="person" xml:id="n_C0E">Rickli, Karl</item><item type="person" xml:id="n_F1E">Ringer, Gottlieb</item><item type="person" xml:id="n_C0I">Romang, Johann Peter</item><item type="person" xml:id="n_F8U">Ruch, Johannes</item><item type="person" xml:id="n_C0O">Ruess, Wilhelm</item><item type="person" xml:id="n_E7Y">Rupp, Johann Jakob</item><item type="person" xml:id="n_F1A">Ryff, J. Rudolf</item><item type="person" xml:id="n_C0U">Rytz-Fueter, Charlotte</item><item type="person" xml:id="n_B3O">Rätzer, Carl Ludwig</item><item type="person" xml:id="n_D8E">Sachse, F.</item><item type="person" xml:id="n_B3U">Saiber, Hermann</item><item type="person" xml:id="n_C0Y">Sauerländer, Heinrich Remigius</item><item type="person" xml:id="n_D0O">Scheffel, C.</item><item type="person" xml:id="n_G1Y">Schertenleib, Ch.</item><item type="person" xml:id="n_D8A">Scheurmeister, E.</item><item type="person" xml:id="n_F7O">Schindler, Bendicht</item><item type="person" xml:id="n_E4U">Schleiermacher, Friedrich</item><item type="person" xml:id="n_D1A">Schlichthorst, Johann David</item><item type="person" xml:id="n_D8I">Schmid, A.</item><item type="person" xml:id="n_E3E">Schmid, Karl</item><item type="person" xml:id="n_F7U">Schmid Zuest, Jakob</item><item type="person" xml:id="n_D1E">Schmidt, Ferdinand</item><item type="person" xml:id="n_D1I">Schneider, Felix</item><item type="person" xml:id="n_D1U">Schneider, Johann</item><item type="person" xml:id="n_D1O">Schneider, Johann Rudolf</item><item type="person" xml:id="n_D1Y">Schnell, Johann Hans</item><item type="person" xml:id="n_B3Y">Schopfer, Heinrich</item><item type="person" xml:id="n_E9I">Schuhmacher, Christian</item><item type="person" xml:id="n_B4A">Schulthess, Robert</item><item type="person" xml:id="n_A7O">Schwarzenbach, Mina</item><item type="person" xml:id="n_G1O">Schweizer, (Karl Ludwig) Rudolf</item><item type="person" xml:id="n_A5U">Schweizer, Alexander</item><item type="person" xml:id="n_D2A">Schwerdt, Georg Heinrich</item><item type="person" xml:id="n_E6O">Schwerin-Wolfshagen, Rosalie Ulrike
                                von</item><item type="person" xml:id="n_B3I">Schädelin, Johann Jakob</item><item type="person" xml:id="n_F6Y">Schärer, Johan Ulrich</item><item type="person" xml:id="n_F0I">Schürch, J. U.</item><item type="person" xml:id="n_E3I">Serre auf Maxen, Friedrich Anton</item><item type="person" xml:id="n_D0U">Sigismund, ?</item><item type="person" xml:id="n_D2E">Simion, Moses</item><item type="person" xml:id="n_D9A">Sinner, R.</item><item type="person" xml:id="n_A2O">Solger, Henriette</item><item type="person" xml:id="n_A2U">Speiser, Johann Jakob</item><item type="person" xml:id="n_D2I">Springer, Julius</item><item type="person" xml:id="n_D2O">Springer, Marie</item><item type="person" xml:id="n_F7E">Stalder, Jakob</item><item type="person" xml:id="n_F1U">Stalder, Peter</item><item type="person" xml:id="n_D9E">Steinhäusler, ?</item><item type="person" xml:id="n_A2I">Steinlen, Aimé</item><item type="person" xml:id="n_E7O">Stettler, Albrecht Friedrich</item><item type="person" xml:id="n_F9A">Stettler, Johan</item><item type="person" xml:id="n_E4E">Stockmar, Xavier</item><item type="person" xml:id="n_D3E">Stucker, Johannes</item><item type="person" xml:id="n_D3I">Studer, Bernhard</item><item type="person" xml:id="n_A5E">Studer, Carl Huldreich</item><item type="person" xml:id="n_E9E">Studer, Gottlieb Samuel</item><item type="person" xml:id="n_B4E">Studer, Rudolf</item><item type="person" xml:id="n_D3O">Studer, Samuel Emanuel</item><item type="person" xml:id="n_D2U">Stähli, Gottlieb Rudolf</item><item type="person" xml:id="n_D2Y">Stähli, Marie Salomea</item><item type="person" xml:id="n_E4A">Stämpfli, Jakob </item><item type="person" xml:id="n_D3A">Stöber, Daniel August Ehrenfried</item><item type="person" xml:id="n_D7Y">Sulser, A.F.</item><item type="person" xml:id="n_D3Y">Sydow, Rudolf von</item><item type="person" xml:id="n_D3U">Süskind, Eduard</item><item type="person" xml:id="n_A4U">Taillandier, Saint-René</item><item type="person" xml:id="n_F7Y">Thomi, Christen</item><item type="person" xml:id="n_F5O">Thomi Weibel, Michael</item><item type="person" xml:id="n_E6A">Tillier, (Johann) Anton
                            von</item><item type="person" xml:id="n_D4A">Trechsel, Friedrich</item><item type="person" xml:id="n_D4I">Valentin, Gustav Gabriel</item><item type="person" xml:id="n_E2I">Wagner, Aloys</item><item type="person" xml:id="n_E2O">Wagner, Anton</item><item type="person" xml:id="n_B5Y">Wagner, Ludwig</item><item type="person" xml:id="n_F3E">Walden, Marie</item><item type="person" xml:id="n_F9Y">Walter, Niklaus</item><item type="person" xml:id="n_B1E">Walthard, Abraham Rudolf</item><item type="person" xml:id="n_E6E">Walthard, Gottlieb</item><item type="person" xml:id="n_A3E">Walthard, Johann Jakob Friedrich</item><item type="person" xml:id="n_F0A">Walther, Christen</item><item type="person" xml:id="n_C1I">Wangenmüller, M.</item><item type="person" xml:id="n_D7U">Wattenwyl, H. von</item><item type="person" xml:id="n_F4A">Weihmüller, Friedrich</item><item type="person" xml:id="n_D4O">Weil, Simon</item><item type="person" xml:id="n_D4U">Wenger, Christian</item><item type="person" xml:id="n_D7I">Westermeier, Franz Aemil (Emil)
                                Bogislav</item><item type="person" xml:id="n_A3A">Wi(e)dmer, Christian</item><item type="person" xml:id="n_E0Y">Wiedmer, Bendicht</item><item type="person" xml:id="n_E6I">Wiedmer, Michael</item><item type="person" xml:id="n_D4Y">Wigand, Georg</item><item type="person" xml:id="n_B4O">Wildbolz, Carl Ludwig</item><item type="person" xml:id="n_A7A">Wildermuth, Ottilie</item><item type="person" xml:id="n_D5A">Wilhelm, Johann</item><item type="person" xml:id="n_F8O">Winkler, Christen</item><item type="person" xml:id="n_F0Y">Wißler, Friedrich</item><item type="person" xml:id="n_D7E">Wißler, Isaak</item><item type="person" xml:id="n_D7O">Wolff, Karl</item><item type="person" xml:id="n_D5E">Wyss, Abraham Rudolf</item><item type="person" xml:id="n_D5I">Wyß, Bernhard Carl</item><item type="person" xml:id="n_A9O">Wyß, Johann Gottlieb</item><item type="person" xml:id="n_E5E">Wälti, Johann Ulrich</item><item type="person" xml:id="n_B4U">Zahn, Meta</item><item type="person" xml:id="n_B4Y">Zeender, Maria Katharina</item><item type="person" xml:id="n_B2A">Zehnder, Samuel</item><item type="person" xml:id="n_E0E">Zellweger, Johann Konrad</item><item type="person" xml:id="n_D5O">Ziegler, Jakob Melchior</item><item type="person" xml:id="n_E7I">Zimmerli, Friedrich</item><item type="person" xml:id="n_A9U">von Rütte, Albert Rudolf</item><item type="person" xml:id="n_D4E">von Tschudi, Friedrich</item><item type="person" xml:id="n_E5A">, </item></list>