<collection xmlns="http://exist.sourceforge.net/NS/exist" name="/db/apps/demo/data" version="1" owner="demo" group="demo" mode="775" created="2015-03-06T16:00:38.083+01:00">
    <acl entries="0" version="1"/>
    <resource type="XMLResource" name="shakes.xsl" skip="no" owner="demo" group="demo" mode="775" created="2015-03-06T16:00:38.083+01:00" modified="2015-03-06T16:00:38.083+01:00" filename="shakes.xsl" mimetype="application/xslt+xml">
        <acl entries="0" version="1"/>
    </resource>
    <resource type="XMLResource" name="macbeth.xml" skip="no" owner="demo" group="demo" mode="775" created="2015-03-06T16:00:38.096+01:00" modified="2015-03-06T16:00:38.096+01:00" filename="macbeth.xml" mimetype="application/xml">
        <acl entries="0" version="1"/>
    </resource>
    <resource type="XMLResource" name="hamlet.xml" skip="no" owner="demo" group="demo" mode="775" created="2015-03-06T16:00:39.124+01:00" modified="2015-03-06T16:00:39.124+01:00" filename="hamlet.xml" mimetype="application/xml">
        <acl entries="0" version="1"/>
    </resource>
    <resource type="XMLResource" name="mondial.xml" skip="no" owner="demo" group="demo" mode="775" created="2015-03-06T16:00:39.971+01:00" modified="2015-03-06T16:00:39.971+01:00" filename="mondial.xml" mimetype="application/xml">
        <acl entries="0" version="1"/>
    </resource>
    <resource type="XMLResource" name="r_and_j.xml" skip="no" owner="demo" group="demo" mode="775" created="2015-03-06T16:00:41.492+01:00" modified="2015-03-06T16:00:41.492+01:00" filename="r_and_j.xml" mimetype="application/xml">
        <acl entries="0" version="1"/>
    </resource>
    <subcollection name="addresses" filename="addresses"/>
    <subcollection name="binary" filename="binary"/>
    <subcollection name="i18n" filename="i18n"/>
</collection>