<collection xmlns="http://exist.sourceforge.net/NS/exist" name="/db/apps/doc/resources" version="1" owner="admin" group="dba" mode="775" created="2015-03-06T16:00:47.574+01:00">
    <acl entries="0" version="1"/>
    <resource type="BinaryResource" name="dashboardUp2dateInfo.png" skip="no" owner="admin" group="dba" mode="664" created="2015-03-06T16:00:47.609+01:00" modified="2015-03-06T16:00:47.609+01:00" filename="dashboardUp2dateInfo.png" mimetype="image/png">
        <acl entries="0" version="1"/>
    </resource>
    <resource type="BinaryResource" name="rectangle.jpg" skip="no" owner="admin" group="dba" mode="664" created="2015-03-06T16:00:47.609+01:00" modified="2015-03-06T16:00:47.609+01:00" filename="rectangle.jpg" mimetype="image/jpeg">
        <acl entries="0" version="1"/>
    </resource>
    <resource type="BinaryResource" name="backup3.png" skip="no" owner="admin" group="dba" mode="664" created="2015-03-06T16:00:47.609+01:00" modified="2015-03-06T16:00:47.609+01:00" filename="backup3.png" mimetype="image/png">
        <acl entries="0" version="1"/>
    </resource>
    <resource type="BinaryResource" name="within.jpg" skip="no" owner="admin" group="dba" mode="664" created="2015-03-06T16:00:47.61+01:00" modified="2015-03-06T16:00:47.61+01:00" filename="within.jpg" mimetype="image/jpeg">
        <acl entries="0" version="1"/>
    </resource>
    <resource type="BinaryResource" name="backup1.png" skip="no" owner="admin" group="dba" mode="664" created="2015-03-06T16:00:47.61+01:00" modified="2015-03-06T16:00:47.61+01:00" filename="backup1.png" mimetype="image/png">
        <acl entries="0" version="1"/>
    </resource>
    <resource type="BinaryResource" name="dashboardLoadOwnApps.png" skip="no" owner="admin" group="dba" mode="664" created="2015-03-06T16:00:47.61+01:00" modified="2015-03-06T16:00:47.61+01:00" filename="dashboardLoadOwnApps.png" mimetype="image/png">
        <acl entries="0" version="1"/>
    </resource>
    <resource type="BinaryResource" name="oxygenxml.jpg" skip="no" owner="admin" group="dba" mode="664" created="2015-03-06T16:00:47.61+01:00" modified="2015-03-06T16:00:47.61+01:00" filename="oxygenxml.jpg" mimetype="image/jpeg">
        <acl entries="0" version="1"/>
    </resource>
    <resource type="BinaryResource" name="dashboardSelectVersion.png" skip="no" owner="admin" group="dba" mode="664" created="2015-03-06T16:00:47.611+01:00" modified="2015-03-06T16:00:47.611+01:00" filename="dashboardSelectVersion.png" mimetype="image/png">
        <acl entries="0" version="1"/>
    </resource>
    <resource type="BinaryResource" name="versioning1.png" skip="no" owner="admin" group="dba" mode="664" created="2015-03-06T16:00:47.611+01:00" modified="2015-03-06T16:00:47.611+01:00" filename="versioning1.png" mimetype="image/png">
        <acl entries="0" version="1"/>
    </resource>
    <resource type="BinaryResource" name="client2.png" skip="no" owner="admin" group="dba" mode="664" created="2015-03-06T16:00:47.611+01:00" modified="2015-03-06T16:00:47.611+01:00" filename="client2.png" mimetype="image/png">
        <acl entries="0" version="1"/>
    </resource>
    <resource type="BinaryResource" name="client1.png" skip="no" owner="admin" group="dba" mode="664" created="2015-03-06T16:00:47.611+01:00" modified="2015-03-06T16:00:47.611+01:00" filename="client1.png" mimetype="image/png">
        <acl entries="0" version="1"/>
    </resource>
    <resource type="BinaryResource" name="trapeze.gif" skip="no" owner="admin" group="dba" mode="664" created="2015-03-06T16:00:47.619+01:00" modified="2015-03-06T16:00:47.619+01:00" filename="trapeze.gif" mimetype="image/gif">
        <acl entries="0" version="1"/>
    </resource>
    <resource type="BinaryResource" name="BBAW_Logo.png" skip="no" owner="admin" group="dba" mode="664" created="2015-03-06T16:00:47.619+01:00" modified="2015-03-06T16:00:47.619+01:00" filename="BBAW_Logo.png" mimetype="image/png">
        <acl entries="0" version="1"/>
    </resource>
    <resource type="BinaryResource" name="client3.png" skip="no" owner="admin" group="dba" mode="664" created="2015-03-06T16:00:47.619+01:00" modified="2015-03-06T16:00:47.619+01:00" filename="client3.png" mimetype="image/png">
        <acl entries="0" version="1"/>
    </resource>
    <resource type="BinaryResource" name="webdav_konqueror.png" skip="no" owner="admin" group="dba" mode="664" created="2015-03-06T16:00:47.619+01:00" modified="2015-03-06T16:00:47.619+01:00" filename="webdav_konqueror.png" mimetype="image/png">
        <acl entries="0" version="1"/>
    </resource>
    <resource type="BinaryResource" name="admin1.png" skip="no" owner="admin" group="dba" mode="664" created="2015-03-06T16:00:47.62+01:00" modified="2015-03-06T16:00:47.62+01:00" filename="admin1.png" mimetype="image/png">
        <acl entries="0" version="1"/>
    </resource>
    <resource type="BinaryResource" name="IndexProfiling.png" skip="no" owner="admin" group="dba" mode="664" created="2015-03-06T16:00:47.62+01:00" modified="2015-03-06T16:00:47.62+01:00" filename="IndexProfiling.png" mimetype="image/png">
        <acl entries="0" version="1"/>
    </resource>
    <resource type="BinaryResource" name="TOY2006s.jpg" skip="no" owner="admin" group="dba" mode="664" created="2015-03-06T16:00:47.62+01:00" modified="2015-03-06T16:00:47.62+01:00" filename="TOY2006s.jpg" mimetype="image/jpeg">
        <acl entries="0" version="1"/>
    </resource>
    <resource type="BinaryResource" name="policy-editor_policy.png" skip="no" owner="admin" group="dba" mode="664" created="2015-03-06T16:00:47.62+01:00" modified="2015-03-06T16:00:47.62+01:00" filename="policy-editor_policy.png" mimetype="image/png">
        <acl entries="0" version="1"/>
    </resource>
    <resource type="BinaryResource" name="list-items-links.png" skip="no" owner="admin" group="dba" mode="664" created="2015-03-06T16:00:47.575+01:00" modified="2015-03-06T16:00:47.575+01:00" filename="list-items-links.png" mimetype="image/png">
        <acl entries="0" version="1"/>
    </resource>
    <resource type="BinaryResource" name="yjp.gif" skip="no" owner="admin" group="dba" mode="664" created="2015-03-06T16:00:47.575+01:00" modified="2015-03-06T16:00:47.575+01:00" filename="yjp.gif" mimetype="image/gif">
        <acl entries="0" version="1"/>
    </resource>
    <resource type="BinaryResource" name="admin2.png" skip="no" owner="admin" group="dba" mode="664" created="2015-03-06T16:00:47.575+01:00" modified="2015-03-06T16:00:47.575+01:00" filename="admin2.png" mimetype="image/png">
        <acl entries="0" version="1"/>
    </resource>
    <resource type="BinaryResource" name="jconsole.png" skip="no" owner="admin" group="dba" mode="664" created="2015-03-06T16:00:47.576+01:00" modified="2015-03-06T16:00:47.576+01:00" filename="jconsole.png" mimetype="image/png">
        <acl entries="0" version="1"/>
    </resource>
    <resource type="BinaryResource" name="teamcity_small.gif" skip="no" owner="admin" group="dba" mode="664" created="2015-03-06T16:00:47.576+01:00" modified="2015-03-06T16:00:47.576+01:00" filename="teamcity_small.gif" mimetype="image/gif">
        <acl entries="0" version="1"/>
    </resource>
    <resource type="BinaryResource" name="view-item.png" skip="no" owner="admin" group="dba" mode="664" created="2015-03-06T16:00:47.576+01:00" modified="2015-03-06T16:00:47.576+01:00" filename="view-item.png" mimetype="image/png">
        <acl entries="0" version="1"/>
    </resource>
    <resource type="BinaryResource" name="buffer.jpg" skip="no" owner="admin" group="dba" mode="664" created="2015-03-06T16:00:47.576+01:00" modified="2015-03-06T16:00:47.576+01:00" filename="buffer.jpg" mimetype="image/jpeg">
        <acl entries="0" version="1"/>
    </resource>
    <resource type="BinaryResource" name="webdav_libreoffice_open.gif" skip="no" owner="admin" group="dba" mode="664" created="2015-03-06T16:00:47.576+01:00" modified="2015-03-06T16:00:47.576+01:00" filename="webdav_libreoffice_open.gif" mimetype="image/gif">
        <acl entries="0" version="1"/>
    </resource>
    <resource type="BinaryResource" name="policy-hierarchy.png" skip="no" owner="admin" group="dba" mode="664" created="2015-03-06T16:00:47.577+01:00" modified="2015-03-06T16:00:47.577+01:00" filename="policy-hierarchy.png" mimetype="image/png">
        <acl entries="0" version="1"/>
    </resource>
    <resource type="BinaryResource" name="reindex-result.png" skip="no" owner="admin" group="dba" mode="664" created="2015-03-06T16:00:47.577+01:00" modified="2015-03-06T16:00:47.577+01:00" filename="reindex-result.png" mimetype="image/png">
        <acl entries="0" version="1"/>
    </resource>
    <resource type="BinaryResource" name="dashboardDeinstallApp.png" skip="no" owner="admin" group="dba" mode="664" created="2015-03-06T16:00:47.577+01:00" modified="2015-03-06T16:00:47.577+01:00" filename="dashboardDeinstallApp.png" mimetype="image/png">
        <acl entries="0" version="1"/>
    </resource>
    <resource type="BinaryResource" name="index1.png" skip="no" owner="admin" group="dba" mode="664" created="2015-03-06T16:00:47.577+01:00" modified="2015-03-06T16:00:47.577+01:00" filename="index1.png" mimetype="image/png">
        <acl entries="0" version="1"/>
    </resource>
    <resource type="BinaryResource" name="search-results.png" skip="no" owner="admin" group="dba" mode="664" created="2015-03-06T16:00:47.578+01:00" modified="2015-03-06T16:00:47.578+01:00" filename="search-results.png" mimetype="image/png">
        <acl entries="0" version="1"/>
    </resource>
    <resource type="BinaryResource" name="heidelberg_kjc_logo.png" skip="no" owner="admin" group="dba" mode="664" created="2015-03-06T16:00:47.578+01:00" modified="2015-03-06T16:00:47.578+01:00" filename="heidelberg_kjc_logo.png" mimetype="image/png">
        <acl entries="0" version="1"/>
    </resource>
    <resource type="BinaryResource" name="policy-editor_disabled.png" skip="no" owner="admin" group="dba" mode="664" created="2015-03-06T16:00:47.578+01:00" modified="2015-03-06T16:00:47.578+01:00" filename="policy-editor_disabled.png" mimetype="image/png">
        <acl entries="0" version="1"/>
    </resource>
    <resource type="BinaryResource" name="webdav_macosx_3.png" skip="no" owner="admin" group="dba" mode="664" created="2015-03-06T16:00:47.578+01:00" modified="2015-03-06T16:00:47.578+01:00" filename="webdav_macosx_3.png" mimetype="image/png">
        <acl entries="0" version="1"/>
    </resource>
    <resource type="BinaryResource" name="sandbox.png" skip="no" owner="admin" group="dba" mode="664" created="2015-03-06T16:00:47.583+01:00" modified="2015-03-06T16:00:47.583+01:00" filename="sandbox.png" mimetype="image/png">
        <acl entries="0" version="1"/>
    </resource>
    <resource type="BinaryResource" name="port-talbot.jpg" skip="no" owner="admin" group="dba" mode="664" created="2015-03-06T16:00:47.583+01:00" modified="2015-03-06T16:00:47.583+01:00" filename="port-talbot.jpg" mimetype="image/jpeg">
        <acl entries="0" version="1"/>
    </resource>
    <resource type="BinaryResource" name="intersection.jpg" skip="no" owner="admin" group="dba" mode="664" created="2015-03-06T16:00:47.583+01:00" modified="2015-03-06T16:00:47.583+01:00" filename="intersection.jpg" mimetype="image/jpeg">
        <acl entries="0" version="1"/>
    </resource>
    <resource type="BinaryResource" name="webstart.small.jpg" skip="no" owner="admin" group="dba" mode="664" created="2015-03-06T16:00:47.583+01:00" modified="2015-03-06T16:00:47.583+01:00" filename="webstart.small.jpg" mimetype="image/jpeg">
        <acl entries="0" version="1"/>
    </resource>
    <resource type="BinaryResource" name="fps-logo.png" skip="no" owner="admin" group="dba" mode="664" created="2015-03-06T16:00:47.584+01:00" modified="2015-03-06T16:00:47.584+01:00" filename="fps-logo.png" mimetype="image/png">
        <acl entries="0" version="1"/>
    </resource>
    <resource type="BinaryResource" name="devonline.png" skip="no" owner="admin" group="dba" mode="664" created="2015-03-06T16:00:47.584+01:00" modified="2015-03-06T16:00:47.584+01:00" filename="devonline.png" mimetype="image/png">
        <acl entries="0" version="1"/>
    </resource>
    <resource type="BinaryResource" name="sync-dialog.png" skip="no" owner="admin" group="dba" mode="664" created="2015-03-06T16:00:47.584+01:00" modified="2015-03-06T16:00:47.584+01:00" filename="sync-dialog.png" mimetype="image/png">
        <acl entries="0" version="1"/>
    </resource>
    <resource type="BinaryResource" name="new-application-home.png" skip="no" owner="admin" group="dba" mode="664" created="2015-03-06T16:00:47.584+01:00" modified="2015-03-06T16:00:47.584+01:00" filename="new-application-home.png" mimetype="image/png">
        <acl entries="0" version="1"/>
    </resource>
    <resource type="BinaryResource" name="installer2.png" skip="no" owner="admin" group="dba" mode="664" created="2015-03-06T16:00:47.585+01:00" modified="2015-03-06T16:00:47.585+01:00" filename="installer2.png" mimetype="image/png">
        <acl entries="0" version="1"/>
    </resource>
    <resource type="BinaryResource" name="exportgui.png" skip="no" owner="admin" group="dba" mode="664" created="2015-03-06T16:00:47.585+01:00" modified="2015-03-06T16:00:47.585+01:00" filename="exportgui.png" mimetype="image/png">
        <acl entries="0" version="1"/>
    </resource>
    <resource type="BinaryResource" name="xhtml-symbol.ent" skip="no" owner="admin" group="dba" mode="664" created="2015-03-06T16:00:47.585+01:00" modified="2015-03-06T16:00:47.585+01:00" filename="xhtml-symbol.ent" mimetype="application/octet-stream">
        <acl entries="0" version="1"/>
    </resource>
    <resource type="BinaryResource" name="dashboardLogin.png" skip="no" owner="admin" group="dba" mode="664" created="2015-03-06T16:00:47.585+01:00" modified="2015-03-06T16:00:47.585+01:00" filename="dashboardLogin.png" mimetype="image/png">
        <acl entries="0" version="1"/>
    </resource>
    <resource type="BinaryResource" name="webdav_macosx_4.png" skip="no" owner="admin" group="dba" mode="664" created="2015-03-06T16:00:47.586+01:00" modified="2015-03-06T16:00:47.586+01:00" filename="webdav_macosx_4.png" mimetype="image/png">
        <acl entries="0" version="1"/>
    </resource>
    <resource type="BinaryResource" name="launch1.png" skip="no" owner="admin" group="dba" mode="664" created="2015-03-06T16:00:47.586+01:00" modified="2015-03-06T16:00:47.586+01:00" filename="launch1.png" mimetype="image/png">
        <acl entries="0" version="1"/>
    </resource>
    <resource type="BinaryResource" name="webdav_macosx_2.png" skip="no" owner="admin" group="dba" mode="664" created="2015-03-06T16:00:47.586+01:00" modified="2015-03-06T16:00:47.586+01:00" filename="webdav_macosx_2.png" mimetype="image/png">
        <acl entries="0" version="1"/>
    </resource>
    <resource type="BinaryResource" name="schedulerplugin.png" skip="no" owner="admin" group="dba" mode="664" created="2015-03-06T16:00:47.586+01:00" modified="2015-03-06T16:00:47.586+01:00" filename="schedulerplugin.png" mimetype="image/png">
        <acl entries="0" version="1"/>
    </resource>
    <resource type="BinaryResource" name="dashboardInstallApp.png" skip="no" owner="admin" group="dba" mode="664" created="2015-03-06T16:00:47.586+01:00" modified="2015-03-06T16:00:47.586+01:00" filename="dashboardInstallApp.png" mimetype="image/png">
        <acl entries="0" version="1"/>
    </resource>
    <resource type="BinaryResource" name="index.png" skip="no" owner="admin" group="dba" mode="664" created="2015-03-06T16:00:47.591+01:00" modified="2015-03-06T16:00:47.591+01:00" filename="index.png" mimetype="image/png">
        <acl entries="0" version="1"/>
    </resource>
    <resource type="BinaryResource" name="xhtml-lat1.ent" skip="no" owner="admin" group="dba" mode="664" created="2015-03-06T16:00:47.591+01:00" modified="2015-03-06T16:00:47.591+01:00" filename="xhtml-lat1.ent" mimetype="application/octet-stream">
        <acl entries="0" version="1"/>
    </resource>
    <resource type="BinaryResource" name="download.jpg" skip="no" owner="admin" group="dba" mode="664" created="2015-03-06T16:00:47.591+01:00" modified="2015-03-06T16:00:47.591+01:00" filename="download.jpg" mimetype="image/jpeg">
        <acl entries="0" version="1"/>
    </resource>
    <resource type="BinaryResource" name="model-view-bindings.png" skip="no" owner="admin" group="dba" mode="664" created="2015-03-06T16:00:47.591+01:00" modified="2015-03-06T16:00:47.591+01:00" filename="model-view-bindings.png" mimetype="image/png">
        <acl entries="0" version="1"/>
    </resource>
    <resource type="BinaryResource" name="Backup.png" skip="no" owner="admin" group="dba" mode="664" created="2015-03-06T16:00:47.592+01:00" modified="2015-03-06T16:00:47.592+01:00" filename="Backup.png" mimetype="image/png">
        <acl entries="0" version="1"/>
    </resource>
    <resource type="BinaryResource" name="client-6.png" skip="no" owner="admin" group="dba" mode="664" created="2015-03-06T16:00:47.592+01:00" modified="2015-03-06T16:00:47.592+01:00" filename="client-6.png" mimetype="image/png">
        <acl entries="0" version="1"/>
    </resource>
    <resource type="BinaryResource" name="versioning3.png" skip="no" owner="admin" group="dba" mode="664" created="2015-03-06T16:00:47.592+01:00" modified="2015-03-06T16:00:47.592+01:00" filename="versioning3.png" mimetype="image/png">
        <acl entries="0" version="1"/>
    </resource>
    <resource type="BinaryResource" name="client4.png" skip="no" owner="admin" group="dba" mode="664" created="2015-03-06T16:00:47.592+01:00" modified="2015-03-06T16:00:47.592+01:00" filename="client4.png" mimetype="image/png">
        <acl entries="0" version="1"/>
    </resource>
    <resource type="BinaryResource" name="powered.gif" skip="no" owner="admin" group="dba" mode="664" created="2015-03-06T16:00:47.593+01:00" modified="2015-03-06T16:00:47.593+01:00" filename="powered.gif" mimetype="image/gif">
        <acl entries="0" version="1"/>
    </resource>
    <resource type="BinaryResource" name="backup2.png" skip="no" owner="admin" group="dba" mode="664" created="2015-03-06T16:00:47.593+01:00" modified="2015-03-06T16:00:47.593+01:00" filename="backup2.png" mimetype="image/png">
        <acl entries="0" version="1"/>
    </resource>
    <resource type="BinaryResource" name="webdav_libreoffice_settings.gif" skip="no" owner="admin" group="dba" mode="664" created="2015-03-06T16:00:47.593+01:00" modified="2015-03-06T16:00:47.593+01:00" filename="webdav_libreoffice_settings.gif" mimetype="image/gif">
        <acl entries="0" version="1"/>
    </resource>
    <resource type="BinaryResource" name="policy-editor_target.png" skip="no" owner="admin" group="dba" mode="664" created="2015-03-06T16:00:47.593+01:00" modified="2015-03-06T16:00:47.593+01:00" filename="policy-editor_target.png" mimetype="image/png">
        <acl entries="0" version="1"/>
    </resource>
    <resource type="BinaryResource" name="policy-editor_target2.png" skip="no" owner="admin" group="dba" mode="664" created="2015-03-06T16:00:47.594+01:00" modified="2015-03-06T16:00:47.594+01:00" filename="policy-editor_target2.png" mimetype="image/png">
        <acl entries="0" version="1"/>
    </resource>
    <resource type="BinaryResource" name="xhtml1-transitional.dtd" skip="no" owner="admin" group="dba" mode="664" created="2015-03-06T16:00:47.594+01:00" modified="2015-03-06T16:00:47.594+01:00" filename="xhtml1-transitional.dtd" mimetype="text/plain">
        <acl entries="0" version="1"/>
    </resource>
    <resource type="BinaryResource" name="list-items-no-links.png" skip="no" owner="admin" group="dba" mode="664" created="2015-03-06T16:00:47.594+01:00" modified="2015-03-06T16:00:47.594+01:00" filename="list-items-no-links.png" mimetype="image/png">
        <acl entries="0" version="1"/>
    </resource>
    <resource type="BinaryResource" name="new-application-screen.png" skip="no" owner="admin" group="dba" mode="664" created="2015-03-06T16:00:47.594+01:00" modified="2015-03-06T16:00:47.594+01:00" filename="new-application-screen.png" mimetype="image/png">
        <acl entries="0" version="1"/>
    </resource>
    <resource type="BinaryResource" name="new-application-completed.png" skip="no" owner="admin" group="dba" mode="664" created="2015-03-06T16:00:47.594+01:00" modified="2015-03-06T16:00:47.594+01:00" filename="new-application-completed.png" mimetype="image/png">
        <acl entries="0" version="1"/>
    </resource>
    <resource type="BinaryResource" name="dashboardUp2dateApps.png" skip="no" owner="admin" group="dba" mode="664" created="2015-03-06T16:00:47.599+01:00" modified="2015-03-06T16:00:47.599+01:00" filename="dashboardUp2dateApps.png" mimetype="image/png">
        <acl entries="0" version="1"/>
    </resource>
    <resource type="BinaryResource" name="new-application-run.png" skip="no" owner="admin" group="dba" mode="664" created="2015-03-06T16:00:47.599+01:00" modified="2015-03-06T16:00:47.599+01:00" filename="new-application-run.png" mimetype="image/png">
        <acl entries="0" version="1"/>
    </resource>
    <resource type="BinaryResource" name="xhtml-special.ent" skip="no" owner="admin" group="dba" mode="664" created="2015-03-06T16:00:47.599+01:00" modified="2015-03-06T16:00:47.599+01:00" filename="xhtml-special.ent" mimetype="application/octet-stream">
        <acl entries="0" version="1"/>
    </resource>
    <resource type="BinaryResource" name="project-support.jpg" skip="no" owner="admin" group="dba" mode="664" created="2015-03-06T16:00:47.6+01:00" modified="2015-03-06T16:00:47.6+01:00" filename="project-support.jpg" mimetype="image/jpeg">
        <acl entries="0" version="1"/>
    </resource>
    <resource type="BinaryResource" name="owner-group-world.png" skip="no" owner="admin" group="dba" mode="664" created="2015-03-06T16:00:47.6+01:00" modified="2015-03-06T16:00:47.6+01:00" filename="owner-group-world.png" mimetype="image/png">
        <acl entries="0" version="1"/>
    </resource>
    <resource type="BinaryResource" name="installer1.png" skip="no" owner="admin" group="dba" mode="664" created="2015-03-06T16:00:47.6+01:00" modified="2015-03-06T16:00:47.6+01:00" filename="installer1.png" mimetype="image/png">
        <acl entries="0" version="1"/>
    </resource>
    <resource type="BinaryResource" name="policy-editor_initial.png" skip="no" owner="admin" group="dba" mode="664" created="2015-03-06T16:00:47.6+01:00" modified="2015-03-06T16:00:47.6+01:00" filename="policy-editor_initial.png" mimetype="image/png">
        <acl entries="0" version="1"/>
    </resource>
    <resource type="BinaryResource" name="backup4.png" skip="no" owner="admin" group="dba" mode="664" created="2015-03-06T16:00:47.6+01:00" modified="2015-03-06T16:00:47.6+01:00" filename="backup4.png" mimetype="image/png">
        <acl entries="0" version="1"/>
    </resource>
    <resource type="BinaryResource" name="existsolutions-logo.png" skip="no" owner="admin" group="dba" mode="664" created="2015-03-06T16:00:47.601+01:00" modified="2015-03-06T16:00:47.601+01:00" filename="existsolutions-logo.png" mimetype="image/png">
        <acl entries="0" version="1"/>
    </resource>
    <resource type="BinaryResource" name="thyssen.png" skip="no" owner="admin" group="dba" mode="664" created="2015-03-06T16:00:47.601+01:00" modified="2015-03-06T16:00:47.601+01:00" filename="thyssen.png" mimetype="image/png">
        <acl entries="0" version="1"/>
    </resource>
    <resource type="BinaryResource" name="sb_logo.png" skip="no" owner="admin" group="dba" mode="664" created="2015-03-06T16:00:47.601+01:00" modified="2015-03-06T16:00:47.601+01:00" filename="sb_logo.png" mimetype="image/png">
        <acl entries="0" version="1"/>
    </resource>
    <resource type="BinaryResource" name="client-5.png" skip="no" owner="admin" group="dba" mode="664" created="2015-03-06T16:00:47.601+01:00" modified="2015-03-06T16:00:47.601+01:00" filename="client-5.png" mimetype="image/png">
        <acl entries="0" version="1"/>
    </resource>
    <resource type="BinaryResource" name="dashboardPMIcon.png" skip="no" owner="admin" group="dba" mode="664" created="2015-03-06T16:00:47.602+01:00" modified="2015-03-06T16:00:47.602+01:00" filename="dashboardPMIcon.png" mimetype="image/png">
        <acl entries="0" version="1"/>
    </resource>
    <resource type="BinaryResource" name="webdav_oxygen.png" skip="no" owner="admin" group="dba" mode="664" created="2015-03-06T16:00:47.602+01:00" modified="2015-03-06T16:00:47.602+01:00" filename="webdav_oxygen.png" mimetype="image/png">
        <acl entries="0" version="1"/>
    </resource>
    <resource type="BinaryResource" name="launch2.png" skip="no" owner="admin" group="dba" mode="664" created="2015-03-06T16:00:47.602+01:00" modified="2015-03-06T16:00:47.602+01:00" filename="launch2.png" mimetype="image/png">
        <acl entries="0" version="1"/>
    </resource>
    <resource type="BinaryResource" name="search.png" skip="no" owner="admin" group="dba" mode="664" created="2015-03-06T16:00:47.602+01:00" modified="2015-03-06T16:00:47.602+01:00" filename="search.png" mimetype="image/png">
        <acl entries="0" version="1"/>
    </resource>
    <resource type="BinaryResource" name="Templating.png" skip="no" owner="admin" group="dba" mode="664" created="2015-03-06T16:00:47.602+01:00" modified="2015-03-06T16:00:47.602+01:00" filename="Templating.png" mimetype="image/png">
        <acl entries="0" version="1"/>
    </resource>
    <resource type="BinaryResource" name="dashboardBackup.png" skip="no" owner="admin" group="dba" mode="664" created="2015-03-06T16:00:47.607+01:00" modified="2015-03-06T16:00:47.607+01:00" filename="dashboardBackup.png" mimetype="image/png">
        <acl entries="0" version="1"/>
    </resource>
    <resource type="BinaryResource" name="webdav_macosx_1.png" skip="no" owner="admin" group="dba" mode="664" created="2015-03-06T16:00:47.607+01:00" modified="2015-03-06T16:00:47.607+01:00" filename="webdav_macosx_1.png" mimetype="image/png">
        <acl entries="0" version="1"/>
    </resource>
    <resource type="BinaryResource" name="services.png" skip="no" owner="admin" group="dba" mode="664" created="2015-03-06T16:00:47.608+01:00" modified="2015-03-06T16:00:47.608+01:00" filename="services.png" mimetype="image/png">
        <acl entries="0" version="1"/>
    </resource>
    <resource type="BinaryResource" name="versioning2.png" skip="no" owner="admin" group="dba" mode="664" created="2015-03-06T16:00:47.608+01:00" modified="2015-03-06T16:00:47.608+01:00" filename="versioning2.png" mimetype="image/png">
        <acl entries="0" version="1"/>
    </resource>
    <resource type="BinaryResource" name="xml.gif" skip="no" owner="admin" group="dba" mode="664" created="2015-03-06T16:00:47.609+01:00" modified="2015-03-06T16:00:47.609+01:00" filename="xml.gif" mimetype="image/gif">
        <acl entries="0" version="1"/>
    </resource>
    <subcollection name="styles" filename="styles"/>
    <subcollection name="images" filename="images"/>
    <subcollection name="css" filename="css"/>
</collection>