<?xml version="1.0" encoding="UTF-8"?>
<list type="ortsregister"><item type="ort" xml:id="o_A1A">Abegg</item><item type="ort" xml:id="o_A1E">Adalbert von Prag ^+956–^+ 997,</item><item type="ort" xml:id="o_A1I">Adam, Johannes</item><item type="ort" xml:id="o_A1U">Adolf v. Nassau 1817–1905,</item><item type="ort" xml:id="o_A1O">Adolf v. Nassau ^+1255–1298,</item><item type="ort" xml:id="o_A1Y">Aeberhard, Niklaus</item><item type="ort" xml:id="o_A2A">Aebi, Jakob</item><item type="ort" xml:id="o_A2E">Aellig, Samuel</item><item type="ort" xml:id="o_A2I">Aeschbacher, Familie</item><item type="ort" xml:id="o_A2O">Aeschbacher, Ulrich</item><item type="ort" xml:id="o_A2U">Aeschlimann</item><item type="ort" xml:id="o_A2Y">Aeschlimann, Johann Rudolf</item><item type="ort" xml:id="o_A3A">Aetigen, Aettigen, Aetingen</item><item type="ort" xml:id="o_A3E">Affolter</item><item type="ort" xml:id="o_A3I">Affolter, Samuel *1793,</item><item type="ort" xml:id="o_A3O">Agnes von Österreich 1290–1364,</item><item type="ort" xml:id="o_A3U">Aigle (deutsch Aelen)</item><item type="ort" xml:id="o_A3Y">Albligen</item><item type="ort" xml:id="o_A4A">Albrecht I. v. Österreich 1255–1308,</item><item type="ort" xml:id="o_A4E">Albrecht, Christian ^+ 1844,</item><item type="ort" xml:id="o_A4I">Albrecht, Gottlieb</item><item type="ort" xml:id="o_A4O">Alchenstorf</item><item type="ort" xml:id="o_A4Y">Alexander I. 1777–1825,</item><item type="ort" xml:id="o_A4U">Alexander der Große</item><item type="ort" xml:id="o_A5A">Algier</item><item type="ort" xml:id="o_A5E">Allanson</item><item type="ort" xml:id="o_A5I">Allemann</item><item type="ort" xml:id="o_A5O">Allenlüften</item><item type="ort" xml:id="o_A5U">Allgeyer, J.</item><item type="ort" xml:id="o_A5Y">Allmendingen</item><item type="ort" xml:id="o_A6A">Alpinus, Julius</item><item type="ort" xml:id="o_A6E">Alpnach</item><item type="ort" xml:id="o_A6I">Altbüren</item><item type="ort" xml:id="o_A6O">Altdorf</item><item type="ort" xml:id="o_A6U">Altenburger Hofdruckerei</item><item type="ort" xml:id="o_A6Y">Althaus, Johann</item><item type="ort" xml:id="o_A7A">Altona</item><item type="ort" xml:id="o_A7E">Am Büel, Matthias 14. Jhdt.,</item><item type="ort" xml:id="o_A7I">Ambühl (oder Am Büel), Johann</item><item type="ort" xml:id="o_A7O">Amden</item><item type="ort" xml:id="o_A7U">Amerika</item><item type="ort" xml:id="o_A7Y">Ammann</item><item type="ort" xml:id="o_A8A">Ammann, Johann Konrad #H:*#G:1791,</item><item type="ort" xml:id="o_A8E">Amport, Ludwig</item><item type="ort" xml:id="o_A8I">Amsler, Samuel 1791–1849</item><item type="ort" xml:id="o_A8O">Amsoldingen</item><item type="ort" xml:id="o_A8U">Amsterdam</item><item type="ort" xml:id="o_A8Y">Anakreon 1. Jhdt.,</item><item type="ort" xml:id="o_A9A">Anderes (Andres?)</item><item type="ort" xml:id="o_A9E">Anderhalden, Ärni</item><item type="ort" xml:id="o_A9I">Ansgar 801–865,</item><item type="ort" xml:id="o_A9O">Anshelm, Valerius ^1475– ^+1546,</item><item type="ort" xml:id="o_A9U">Antwerpen</item><item type="ort" xml:id="o_A9Y">Appenzell</item><item type="ort" xml:id="o_A0A">Appenzeller, Jakob Konst. Amadeus #H:*#G:1814,</item><item type="ort" xml:id="o_A0E">Arbedo</item><item type="ort" xml:id="o_A0I">Ariost (Ludovico Ariosto) 1474–1533,</item><item type="ort" xml:id="o_A0O">Aristophanes ^445-^+385 v. Chr.,</item><item type="ort" xml:id="o_A0U">Armenbureau Bern</item><item type="ort" xml:id="o_A0Y">Armenkommission der Republik Bern</item><item type="ort" xml:id="o_B1A">Arni</item><item type="ort" xml:id="o_B1E">Arnold von Brescia 1100–1155,</item><item type="ort" xml:id="o_B1I">Arth</item><item type="ort" xml:id="o_B1U">Attinghausen</item><item type="ort" xml:id="o_B1Y">Augsburg</item><item type="ort" xml:id="o_B2A">Augst (Augusta Rauracorum)</item><item type="ort" xml:id="o_B2E">Augustinus 354–430,</item><item type="ort" xml:id="o_B2I">Austerlitz</item><item type="ort" xml:id="o_B2O">Avenarius &amp; Mendelssohn</item><item type="ort" xml:id="o_B2U">Avenches, Aventicum (deutsch Wiflisburg)</item><item type="ort" xml:id="o_B2Y">Babenhausen</item><item type="ort" xml:id="o_B3A">Baden i. Aargau (Niederbaden)</item><item type="ort" xml:id="o_B3E">Baden=Baden</item><item type="ort" xml:id="o_B4U">Bahnmaier, J. G.</item><item type="ort" xml:id="o_B4Y">Ballenbühl</item><item type="ort" xml:id="o_B5A">Ballmoos, Elisabeth</item><item type="ort" xml:id="o_B5E">Balmberg</item><item type="ort" xml:id="o_B5I">Banga, B.</item><item type="ort" xml:id="o_B5O">Bann, F.</item><item type="ort" xml:id="o_B5U">Barcelona</item><item type="ort" xml:id="o_B5Y">Bargen</item><item type="ort" xml:id="o_B6A">Barman, Joseph 1800–1885</item><item type="ort" xml:id="o_B6E">Barmann Moritz 1808–1878</item><item type="ort" xml:id="o_B6I">Barth, J.</item><item type="ort" xml:id="o_B6O">Basel</item><item type="ort" xml:id="o_B6U">Baselland (Baselbiet)</item><item type="ort" xml:id="o_B6Y">Bassersdorf</item><item type="ort" xml:id="o_B7A">Bassewitz</item><item type="ort" xml:id="o_B7E">Batavia</item><item type="ort" xml:id="o_B7I">Baudepartement Bern</item><item type="ort" xml:id="o_B7O">Baumgarten ab Altzellen</item><item type="ort" xml:id="o_B7U">Bay</item><item type="ort" xml:id="o_B7Y">Bay, (Jgfr.)</item><item type="ort" xml:id="o_B8A">Bay, Gabriel Rudolf</item><item type="ort" xml:id="o_B8E">Bayern</item><item type="ort" xml:id="o_B8I">Baze Hans Uli</item><item type="ort" xml:id="o_B8U">Beck, Jakob</item><item type="ort" xml:id="o_B8Y">Belgien</item><item type="ort" xml:id="o_B9A">Bellmont, O.</item><item type="ort" xml:id="o_B9E">Belp</item><item type="ort" xml:id="o_B9I">Benda</item><item type="ort" xml:id="o_B9O">Benediktus 480–543,</item><item type="ort" xml:id="o_B9U">Benoit, Familie</item><item type="ort" xml:id="o_B9Y">Beresina</item><item type="ort" xml:id="o_B0A">Bergen (Rügen)</item><item type="ort" xml:id="o_B0E">Berken</item><item type="ort" xml:id="o_B0I">Berlin</item><item type="ort" xml:id="o_B0O">Bern</item><item type="ort" xml:id="o_B0U">Bern, Bären</item><item type="ort" xml:id="o_B0Y">Bern, Heiliggeistkirche</item><item type="ort" xml:id="o_C1A">Bernadotte (Marschall) 1763–1844,</item><item type="ort" xml:id="o_C1E">Bernhard von Clairvaux 1090–1153,</item><item type="ort" xml:id="o_C1I">Bernoulli, Eduard</item><item type="ort" xml:id="o_C1U">Bertha ca. 725–783</item><item type="ort" xml:id="o_C1Y">Berthoud (Pensionat)</item><item type="ort" xml:id="o_C2A">Besser, Dr.</item><item type="ort" xml:id="o_C2E">Bettin, Betäng</item><item type="ort" xml:id="o_C2I">Beutler, Johann</item><item type="ort" xml:id="o_C2O">Bezirksingenieur</item><item type="ort" xml:id="o_C2U">Biberist</item><item type="ort" xml:id="o_C2Y">Bichsel, Frau</item><item type="ort" xml:id="o_C3A">Bichsel, Johann</item><item type="ort" xml:id="o_C3E">Bichsel, Peter u. Johannes</item><item type="ort" xml:id="o_C3I">Biel</item><item type="ort" xml:id="o_C3O">Biembach</item><item type="ort" xml:id="o_C3U">Bigel, Bigelberg</item><item type="ort" xml:id="o_C3Y">Biglen</item><item type="ort" xml:id="o_C4A">Billharz, Franz Xaver</item><item type="ort" xml:id="o_C4E">Bilstein, Billstein</item><item type="ort" xml:id="o_C4I">Bipp, Niederbipp</item><item type="ort" xml:id="o_C4O">Bitzius Nr. 1, 2, 3</item><item type="ort" xml:id="o_C4Y">Bitzius, Albert s. Sachregister in</item><item type="ort" xml:id="o_C4U">Bitzius, Familie</item><item type="ort" xml:id="o_C5E">Bitzius, Robert #H:*#G:1837,</item><item type="ort" xml:id="o_C5I">Bitzius, Samuel</item><item type="ort" xml:id="o_C5O">Bitzius, Sophie</item><item type="ort" xml:id="o_C5A">Bitzius=Brunner, Elisabeth</item><item type="ort" xml:id="o_C5U">Blankenese</item><item type="ort" xml:id="o_C5Y">Blau, Gottlieb</item><item type="ort" xml:id="o_C6A">Bleienbach</item><item type="ort" xml:id="o_C6E">Bloesch=Lichtenhahn, Julie Susanne #H:*#G:1819,</item><item type="ort" xml:id="o_C6I">Blumenstein</item><item type="ort" xml:id="o_C6O">Bodenwerder</item><item type="ort" xml:id="o_C8A">Bohren</item><item type="ort" xml:id="o_C8E">Bohren, Peter</item><item type="ort" xml:id="o_C8I">Boll</item><item type="ort" xml:id="o_C8U">Bollodingen</item><item type="ort" xml:id="o_C8Y">Bolthauser, Susanna</item><item type="ort" xml:id="o_C9A">Bonaventura 1221–1274,</item><item type="ort" xml:id="o_C9I">Borel (Pensionat)</item><item type="ort" xml:id="o_C9O">Boroß, Mihály</item><item type="ort" xml:id="o_C9Y">Botti oder Botto</item><item type="ort" xml:id="o_C0A">Boulogne</item><item type="ort" xml:id="o_C0E">Bourgeois=Lindt, Rosa ^+ 1848,</item><item type="ort" xml:id="o_C9U">Boßard</item><item type="ort" xml:id="o_C0I">Brand, Elisabeth</item><item type="ort" xml:id="o_C0U">Brandes &amp; Schulze</item><item type="ort" xml:id="o_C0O">Brandes, Karl</item><item type="ort" xml:id="o_C0Y">Brandis</item><item type="ort" xml:id="o_D1A">Brasilien</item><item type="ort" xml:id="o_D1I">Braun</item><item type="ort" xml:id="o_D1O">Braunschweig</item><item type="ort" xml:id="o_D1U">Brechbühl, Johann</item><item type="ort" xml:id="o_D1Y">Breisach</item><item type="ort" xml:id="o_D2A">Bremen</item><item type="ort" xml:id="o_D2E">Bremgarten b/Bern</item><item type="ort" xml:id="o_D2I">Breslau</item><item type="ort" xml:id="o_D2O">Brienz</item><item type="ort" xml:id="o_D2U">Brockhaus, Fräulein</item><item type="ort" xml:id="o_D2Y">Brodtmann’sche Buchhdlg.</item><item type="ort" xml:id="o_D3A">Brothüsi</item><item type="ort" xml:id="o_D3E">Bruchsal</item><item type="ort" xml:id="o_D3Y">Brugg</item><item type="ort" xml:id="o_D4A">Brun, Rudolf ^+ 1360,</item><item type="ort" xml:id="o_D4E">Bruneck</item><item type="ort" xml:id="o_D4I">Brunhilde</item><item type="ort" xml:id="o_D4O">Brunnen</item><item type="ort" xml:id="o_D4U">Brunner, Christen</item><item type="ort" xml:id="o_D4Y">Brunner, Johann Daniel</item><item type="ort" xml:id="o_D5A">Brunner, Julie Karoline Rosalie #H:*#G:1826,</item><item type="ort" xml:id="o_D3I">Brüderli, Niklaus #H:*#G:1791,</item><item type="ort" xml:id="o_D3O">Brüderlin=Dick, Frau</item><item type="ort" xml:id="o_D3U">Brügger</item><item type="ort" xml:id="o_D5U">Bubendorf</item><item type="ort" xml:id="o_D5Y">Bubenei</item><item type="ort" xml:id="o_D6A">Buch (Anstalt)</item><item type="ort" xml:id="o_D6I">Bucheggberg, Buchiberg</item><item type="ort" xml:id="o_D6O">Buchholz, Wwe.</item><item type="ort" xml:id="o_D6U">Budapest</item><item type="ort" xml:id="o_D6Y">Buddensieg</item><item type="ort" xml:id="o_D8E">Bundesbehörden, Bundesrat</item><item type="ort" xml:id="o_D8I">Burgdorf</item><item type="ort" xml:id="o_D8O">Burgdorfer, Gottlieb</item><item type="ort" xml:id="o_D8U">Burgdorfer, Johann Jakob (Buchhdlg.)</item><item type="ort" xml:id="o_D8Y">Burgistein</item><item type="ort" xml:id="o_D9E">Burk == Burkhalter, Johannes</item><item type="ort" xml:id="o_D9I">Burkhalter, Durs</item><item type="ort" xml:id="o_D9O">Burkhalter, F.</item><item type="ort" xml:id="o_D9U">Burkhalter, Joseph jr. ^+ 1884,</item><item type="ort" xml:id="o_D9Y">Burkhalter, Samuel</item><item type="ort" xml:id="o_D0A">Burkhalter, Ulrich</item><item type="ort" xml:id="o_D0E">Burkhard, Margr.</item><item type="ort" xml:id="o_D0I">Burkhardt, Christian</item><item type="ort" xml:id="o_D0O">Burri, H.</item><item type="ort" xml:id="o_D0U">Buttisholz</item><item type="ort" xml:id="o_D0Y">Buttmann</item><item type="ort" xml:id="o_B3I">Bäbeli</item><item type="ort" xml:id="o_B3O">Bächtelen</item><item type="ort" xml:id="o_B3U">Bähler</item><item type="ort" xml:id="o_B3Y">Bähler, Albert</item><item type="ort" xml:id="o_B4A">Bänziger, Johann Jakob</item><item type="ort" xml:id="o_B4E">Bärhegen</item><item type="ort" xml:id="o_B4I">Bätterkinden</item><item type="ort" xml:id="o_B4O">Bättwil</item><item type="ort" xml:id="o_C6Y">Bögli, Samuel</item><item type="ort" xml:id="o_C7A">Bögli, Wilhelm</item><item type="ort" xml:id="o_C6U">Bögli=Baumberger, Elisabeth</item><item type="ort" xml:id="o_C7E">Böhmen</item><item type="ort" xml:id="o_C7I">Bönigen</item><item type="ort" xml:id="o_C7O">Bönzlin, Jakob #H:*#G:1768,</item><item type="ort" xml:id="o_C7U">Böttcher</item><item type="ort" xml:id="o_C7Y">Bözingen</item><item type="ort" xml:id="o_D7A">Bückeburg</item><item type="ort" xml:id="o_D7E">Bühler</item><item type="ort" xml:id="o_D7I">Bühler, Peter</item><item type="ort" xml:id="o_D7O">Bümpliz</item><item type="ort" xml:id="o_D7U">Büren a. A.</item><item type="ort" xml:id="o_D7Y">Bürglen SO</item><item type="ort" xml:id="o_D8A">Bürglen UR</item><item type="ort" xml:id="o_E1E">Cannstatt</item><item type="ort" xml:id="o_E1I">Capua</item><item type="ort" xml:id="o_E1O">Celle</item><item type="ort" xml:id="o_E1U">Cervantes 1547–1616,</item><item type="ort" xml:id="o_E1Y">Champfleury (Husson-dit-Fleury) Jules 1821–1889,</item><item type="ort" xml:id="o_E2A">Charlotte</item><item type="ort" xml:id="o_E2E">Chautems, Johann</item><item type="ort" xml:id="o_E2I">Chaux-de-Fonds, La</item><item type="ort" xml:id="o_E2O">Christaller, Nanette</item><item type="ort" xml:id="o_E2Y">Christen</item><item type="ort" xml:id="o_E2U">Christen</item><item type="ort" xml:id="o_E3A">Christen, Samuel</item><item type="ort" xml:id="o_E3E">Chur</item><item type="ort" xml:id="o_E3I">Cincinnati</item><item type="ort" xml:id="o_E3O">Cincinnatus, L. Quinctius 5. Jhdt. v. Chr.,</item><item type="ort" xml:id="o_E3U">Clemens IX. 1600–1669,</item><item type="ort" xml:id="o_E3Y">Cloos, Johann Joseph</item><item type="ort" xml:id="o_E4E">Coeslin</item><item type="ort" xml:id="o_E4I">Columbanus ^*543–615,</item><item type="ort" xml:id="o_E4O">Comptoir, Literarisches</item><item type="ort" xml:id="o_E4U">Cotta, J. G., Verlag</item><item type="ort" xml:id="o_E4Y">Coucy, Ingelram de ^+ 1397,</item><item type="ort" xml:id="o_E5A">Courtelary</item><item type="ort" xml:id="o_E5E">Cramer, Friedrich Gottlieb</item><item type="ort" xml:id="o_E5I">Cressier (deutsch Grissach)</item><item type="ort" xml:id="o_E5O">Crispin</item><item type="ort" xml:id="o_E5U">Cuba</item><item type="ort" xml:id="o_E5Y">Cudrefin</item><item type="ort" xml:id="o_E6A">Cujack</item><item type="ort" xml:id="o_E1A">Cäsar, Julius 100–44 v. Chr.,</item><item type="ort" xml:id="o_E4A">Cölln (Neu Cölln)</item><item type="ort" xml:id="o_E6U">Dagobert 7. Jhdt.,</item><item type="ort" xml:id="o_E6Y">Dalmatien</item><item type="ort" xml:id="o_E7A">Damgarten</item><item type="ort" xml:id="o_E7E">Dann, C. A. 1758–1837</item><item type="ort" xml:id="o_E7I">Dante Alighieri 1265–1321,</item><item type="ort" xml:id="o_E7O">Dappental</item><item type="ort" xml:id="o_E7U">Darmstadt</item><item type="ort" xml:id="o_E7Y">Delley, Louis</item><item type="ort" xml:id="o_E8A">Delsberg, Delsperg</item><item type="ort" xml:id="o_E8E">Denzler, Johann Caspar #H:*#G:1801,</item><item type="ort" xml:id="o_E8I">Derendingen</item><item type="ort" xml:id="o_E8O">Descombaz, Edouard</item><item type="ort" xml:id="o_E8U">Desgouttes, Emanuel</item><item type="ort" xml:id="o_E8Y">Desgouttes, Samuel</item><item type="ort" xml:id="o_E9A">Dessau</item><item type="ort" xml:id="o_E9E">Deutschland</item><item type="ort" xml:id="o_E9I">Diacon, Familie</item><item type="ort" xml:id="o_E9O">Dick (Jgfr.)</item><item type="ort" xml:id="o_E9U">Dick, Franz</item><item type="ort" xml:id="o_E9Y">Diegten</item><item type="ort" xml:id="o_E0A">Diehl, C. F.</item><item type="ort" xml:id="o_E0O">Dietrich, Georg Adolf</item><item type="ort" xml:id="o_E0E">Dießbach</item><item type="ort" xml:id="o_E0I">Dießenhofen</item><item type="ort" xml:id="o_E0U">Diomed</item><item type="ort" xml:id="o_E0Y">Dippoldswil</item><item type="ort" xml:id="o_F1A">Direktion des Innern, Bern</item><item type="ort" xml:id="o_F1E">Diviko</item><item type="ort" xml:id="o_F1I">Dixi</item><item type="ort" xml:id="o_F1O">Doberan</item><item type="ort" xml:id="o_F1Y">Dolder, Bendicht</item><item type="ort" xml:id="o_F2A">Dombresson</item><item type="ort" xml:id="o_F2E">Dommartin</item><item type="ort" xml:id="o_F2I">Dornach</item><item type="ort" xml:id="o_F2O">Dotzigen</item><item type="ort" xml:id="o_F2U">Dranse</item><item type="ort" xml:id="o_F2Y">Dresden</item><item type="ort" xml:id="o_F3A">Dubach, Frau</item><item type="ort" xml:id="o_F3E">Dubois, Friedrich</item><item type="ort" xml:id="o_F3I">Duchamp</item><item type="ort" xml:id="o_E6E">Dällenbach, Bendicht 17. Jhdt.,</item><item type="ort" xml:id="o_E6I">Dänemark</item><item type="ort" xml:id="o_E6O">Därstetten</item><item type="ort" xml:id="o_F1U">Döhner, Gotthilf Ferdinand</item><item type="ort" xml:id="o_F3O">Dür</item><item type="ort" xml:id="o_F3U">Dür=Grimm, Marie Elisabeth</item><item type="ort" xml:id="o_F3Y">Dürr, Carl Johann #H:*#G:1821,</item><item type="ort" xml:id="o_F4A">Dürrenroth</item><item type="ort" xml:id="o_F4E">Dürrgraben</item><item type="ort" xml:id="o_F4I">Düsseldorf</item><item type="ort" xml:id="o_F4O">Eckwersheim</item><item type="ort" xml:id="o_F5I">Egerton Lodge</item><item type="ort" xml:id="o_F5O">Egg</item><item type="ort" xml:id="o_F5U">Eggimann, Johann</item><item type="ort" xml:id="o_F5Y">Eggiwil</item><item type="ort" xml:id="o_F6A">Eglauf, Jakob</item><item type="ort" xml:id="o_F6E">Egli, Niklaus #H:*#G:1814,</item><item type="ort" xml:id="o_Y2Y">Ein Verehrer des göttlichen Wortes</item><item type="ort" xml:id="o_F6O">Einbeck</item><item type="ort" xml:id="o_F6U">Einsiedeln</item><item type="ort" xml:id="o_F6Y">Eisenach</item><item type="ort" xml:id="o_F7A">Elisabeth v. Oestereich 14. Jhdt.,</item><item type="ort" xml:id="o_F7E">Elsaß</item><item type="ort" xml:id="o_F7I">Emdtal b. Frutigen</item><item type="ort" xml:id="o_F7O">Emmenfeld</item><item type="ort" xml:id="o_F7U">Emmensee</item><item type="ort" xml:id="o_F7Y">Emmental</item><item type="ort" xml:id="o_F8A">Enchelmeyer, Gustav</item><item type="ort" xml:id="o_F8E">Engelberg</item><item type="ort" xml:id="o_F8I">England</item><item type="ort" xml:id="o_F8O">Entfelden</item><item type="ort" xml:id="o_F8U">Entlebuch</item><item type="ort" xml:id="o_F8Y">Epesses</item><item type="ort" xml:id="o_F9A">Erasmus v. Rotterdam 1467–1536,</item><item type="ort" xml:id="o_F9E">Erdmannsdorf</item><item type="ort" xml:id="o_F9I">Erfurt</item><item type="ort" xml:id="o_F9O">Erismann, Adolf</item><item type="ort" xml:id="o_F9U">Eriswil</item><item type="ort" xml:id="o_F9Y">Erlach</item><item type="ort" xml:id="o_F0U">Erlangen</item><item type="ort" xml:id="o_F0Y">Erlenbach i. Simmental</item><item type="ort" xml:id="o_G1A">Erlinsbach</item><item type="ort" xml:id="o_G1E">Ernst August 1771–1851,</item><item type="ort" xml:id="o_G1I">Ersigen</item><item type="ort" xml:id="o_G1O">Erziehungsdepartement Bern</item><item type="ort" xml:id="o_G1U">Eschenhausen</item><item type="ort" xml:id="o_G1Y">Eschershausen</item><item type="ort" xml:id="o_G2A">Escholzmatt (Eschlismatt, Äschlismatt)</item><item type="ort" xml:id="o_G2E">Estavayer (deutsch Stäffis)</item><item type="ort" xml:id="o_G2I">Euler, (Frau)</item><item type="ort" xml:id="o_G2O">Euripides</item><item type="ort" xml:id="o_G2U">Eymann, Johann</item><item type="ort" xml:id="o_G2Y">Farschon=Kohler, Carolina</item><item type="ort" xml:id="o_G3A">Fasnacht, Sophie</item><item type="ort" xml:id="o_G3O">Feller, Emilie</item><item type="ort" xml:id="o_G3U">Feller, Jakob</item><item type="ort" xml:id="o_G3Y">Felsberg</item><item type="ort" xml:id="o_G4A">Ferenbalm</item><item type="ort" xml:id="o_G4E">Ferenberg (eigentl. Ferrenberg) b. Wynigen</item><item type="ort" xml:id="o_G4I">Fetscherin, Franz</item><item type="ort" xml:id="o_G4O">Feurstein, L. #H:*#G:1775,</item><item type="ort" xml:id="o_G4U">Feuz (Frau)</item><item type="ort" xml:id="o_G4Y">Fiesinger, Friedrich</item><item type="ort" xml:id="o_G5A">Finsterhennen</item><item type="ort" xml:id="o_G5E">Fischer</item><item type="ort" xml:id="o_G5I">Fischer, Samuel</item><item type="ort" xml:id="o_G6E">Fluhbacher</item><item type="ort" xml:id="o_G6I">Flumenthal</item><item type="ort" xml:id="o_G5O">Flückiger</item><item type="ort" xml:id="o_G5U">Flückiger, Johann</item><item type="ort" xml:id="o_G5Y">Flüelen</item><item type="ort" xml:id="o_G6A">Flühlenstalden</item><item type="ort" xml:id="o_G6O">Franche-Comté</item><item type="ort" xml:id="o_G6U">Frank, Friedrich #H:*#G:1801,</item><item type="ort" xml:id="o_G6Y">Frank, Griti</item><item type="ort" xml:id="o_G7A">Frank, Marie</item><item type="ort" xml:id="o_G7E">Frankfurt a. M.</item><item type="ort" xml:id="o_G7I">Frankreich</item><item type="ort" xml:id="o_G7O">Franz I. 1494–1547,</item><item type="ort" xml:id="o_G7U">Franz Joseph I. 1830–1916,</item><item type="ort" xml:id="o_G7Y">Fraubrunnen</item><item type="ort" xml:id="o_G8A">Frauchwyl</item><item type="ort" xml:id="o_G8E">Fraut, Ritter von</item><item type="ort" xml:id="o_G8I">Freiburg i. Ü.</item><item type="ort" xml:id="o_G8O">Freudenreich, Friedrich</item><item type="ort" xml:id="o_G8U">Freundin, Eine genaue</item><item type="ort" xml:id="o_G8Y">Friedli</item><item type="ort" xml:id="o_G9E">Friedrich Wilhelm III. v. Preußen 1770–1840,</item><item type="ort" xml:id="o_G9I">Friedrich Wilhelm IV. v. Preußen 1795–1861,</item><item type="ort" xml:id="o_G9A">Friedrich der Schöne 1289–1330,</item><item type="ort" xml:id="o_G9O">Friesenberg</item><item type="ort" xml:id="o_G9Y">Frutigen</item><item type="ort" xml:id="o_G0A">Frutigtal</item><item type="ort" xml:id="o_G9U">Fröbel, Frau</item><item type="ort" xml:id="o_G0Y">Fueter, Emanuel</item><item type="ort" xml:id="o_H1A">Fueter, Rudolf August</item><item type="ort" xml:id="o_G0O">Fueter=Leuch, Carl Emanuel #H:*#G:1811,</item><item type="ort" xml:id="o_G0U">Fueter=Leuch, Charlotte Rosina #H:*#G:1821,</item><item type="ort" xml:id="o_H1E">Fugger, Anselm Maria 1766-1821,</item><item type="ort" xml:id="o_G0E">Füri (?)</item><item type="ort" xml:id="o_G0I">Fürst, Walther 13. Jhdt.,</item><item type="ort" xml:id="o_H1I">Gadmen</item><item type="ort" xml:id="o_H1O">Galba 1. Jhdt.,</item><item type="ort" xml:id="o_H1U">Gallien</item><item type="ort" xml:id="o_H1Y">Gallus 7. Jhdt.,</item><item type="ort" xml:id="o_H2A">Gammeter, Christian #H:*#G:1821,</item><item type="ort" xml:id="o_H2E">Gampelen</item><item type="ort" xml:id="o_H2I">Gandin</item><item type="ort" xml:id="o_H2O">Garcki, Louis</item><item type="ort" xml:id="o_H2U">Gebner, Frau C.</item><item type="ort" xml:id="o_H2Y">Geißbühler</item><item type="ort" xml:id="o_H3A">Geißbühler, Andreas</item><item type="ort" xml:id="o_H3E">Geißbühler=Gygax, Verena ^+ 1837,</item><item type="ort" xml:id="o_H3I">Genf, Scheneff</item><item type="ort" xml:id="o_H3O">Georg III. v. England u. Hannover 1738–1820,</item><item type="ort" xml:id="o_H3U">Georg IV. v. England u. Hannover 1762–1830,</item><item type="ort" xml:id="o_H3Y">Georg V. v. Hannover 1819–1878,</item><item type="ort" xml:id="o_H4A">Gerber (#.,im Dürr#.')</item><item type="ort" xml:id="o_H4E">Gerber, Emma</item><item type="ort" xml:id="o_H4I">Gerber, Friedrich</item><item type="ort" xml:id="o_H4O">Gerber, Rudolf</item><item type="ort" xml:id="o_H4U">Gerlafingen</item><item type="ort" xml:id="o_H4Y">Germersheim</item><item type="ort" xml:id="o_H5A">Gersdorf, Irenäus</item><item type="ort" xml:id="o_H5E">Geßler</item><item type="ort" xml:id="o_H5U">Gfeller, Peter</item><item type="ort" xml:id="o_H5O">Gfeller=Zürcher, Anna ^+ 1842,</item><item type="ort" xml:id="o_H5Y">Gibraltar</item><item type="ort" xml:id="o_H6A">Gießen</item><item type="ort" xml:id="o_H6E">Glarus</item><item type="ort" xml:id="o_H6I">Glaukos</item><item type="ort" xml:id="o_H6U">Goldau</item><item type="ort" xml:id="o_H6Y">Goldbach</item><item type="ort" xml:id="o_H7A">Gotha</item><item type="ort" xml:id="o_H7E">Gottschick, G. A.</item><item type="ort" xml:id="o_H7I">Gottstatt</item><item type="ort" xml:id="o_H7U">Goundie, George H.</item><item type="ort" xml:id="o_H7Y">Graben</item><item type="ort" xml:id="o_H8A">Grabenmatt</item><item type="ort" xml:id="o_H8O">Grafenried</item><item type="ort" xml:id="o_H9Y">Grandpierre</item><item type="ort" xml:id="o_H0A">Grandson</item><item type="ort" xml:id="o_H0E">Graubünden</item><item type="ort" xml:id="o_H0I">Grenchen</item><item type="ort" xml:id="o_H0O">Grenelle b. Paris</item><item type="ort" xml:id="o_H0U">Grenoble</item><item type="ort" xml:id="o_I1A">Griechenland</item><item type="ort" xml:id="o_I1E">Griesbach</item><item type="ort" xml:id="o_I1I">Grieshaber, Johann Georg</item><item type="ort" xml:id="o_I1O">Griffith, Jevan ap</item><item type="ort" xml:id="o_I1U">Grimm, Albert</item><item type="ort" xml:id="o_I1Y">Grimm, Marie Louise #H:*#G:1835,</item><item type="ort" xml:id="o_I2A">Grimoald, Grimwald 7. Jhdt.,</item><item type="ort" xml:id="o_I2E">Grindelwald</item><item type="ort" xml:id="o_I2I">Großdietwil</item><item type="ort" xml:id="o_I2O">Großer Rat Bern</item><item type="ort" xml:id="o_I2U">Großhöchstetten (Höchstetten)</item><item type="ort" xml:id="o_I2Y">Großmutter Käthi</item><item type="ort" xml:id="o_H8E">Grädel, Elisabeth (Bocksäckeli, Schnupfsäckeli)</item><item type="ort" xml:id="o_H8I">Grädel, Johann</item><item type="ort" xml:id="o_I3A">Grüneberg (Schlesien)</item><item type="ort" xml:id="o_I3E">Grünenmatt</item><item type="ort" xml:id="o_I4A">Guggisberg</item><item type="ort" xml:id="o_I4E">Guibert de Nogent 11. Jhdt.,</item><item type="ort" xml:id="o_I4I">Gullenberg</item><item type="ort" xml:id="o_I4O">Gumm (Oberburg)</item><item type="ort" xml:id="o_I4U">Gummwäldli</item><item type="ort" xml:id="o_I5A">Gurnigel</item><item type="ort" xml:id="o_I5E">Gurzelen</item><item type="ort" xml:id="o_I5I">Gustav II. Adolf v. Schweden 1594–1632,</item><item type="ort" xml:id="o_I5O">Gutknecht, Karl (genannt Gutmann)</item><item type="ort" xml:id="o_I5U">Guttannen</item><item type="ort" xml:id="o_I5Y">Gyr, August</item><item type="ort" xml:id="o_H6O">Göttingen</item><item type="ort" xml:id="o_I3I">Güdel</item><item type="ort" xml:id="o_I3O">Güder</item><item type="ort" xml:id="o_I3U">Gümmenen</item><item type="ort" xml:id="o_I3Y">Gütschow</item><item type="ort" xml:id="o_I6A">Haas, Johann David #H:*#G:1824,</item><item type="ort" xml:id="o_I6E">Habegger</item><item type="ort" xml:id="o_I7A">Hagenbach, Karl ^+ 1844,</item><item type="ort" xml:id="o_I7E">Hagenbach, Rudolf ^+ 1842,</item><item type="ort" xml:id="o_I7I">Hahn, Ludwig Emanuel #H:*#G:1787,</item><item type="ort" xml:id="o_I7O">Hahn=Lindt, Marie Luise</item><item type="ort" xml:id="o_I7U">Haiti</item><item type="ort" xml:id="o_I7Y">Halberstadt</item><item type="ort" xml:id="o_I8A">Haldemann, Christian ^+ ca. 1845,</item><item type="ort" xml:id="o_I8E">Hallau</item><item type="ort" xml:id="o_I8I">Halle</item><item type="ort" xml:id="o_I8O">Haller’sche Buchdruckerei Bern</item><item type="ort" xml:id="o_I8U">Halten</item><item type="ort" xml:id="o_I8Y">Hameln</item><item type="ort" xml:id="o_I9A">Hamin, Sophie</item><item type="ort" xml:id="o_I9E">Hammer, Johannes</item><item type="ort" xml:id="o_I9I">Hang, Dr. med.</item><item type="ort" xml:id="o_I9O">Hannover</item><item type="ort" xml:id="o_I9U">Harburg</item><item type="ort" xml:id="o_I9Y">Harrison, John</item><item type="ort" xml:id="o_I0A">Hasle b. Burgdorf</item><item type="ort" xml:id="o_I0E">Haslebach</item><item type="ort" xml:id="o_I0I">Heaton</item><item type="ort" xml:id="o_I0O">Hegenheim</item><item type="ort" xml:id="o_I0U">Heggi, Gottlieb</item><item type="ort" xml:id="o_I0Y">Heidelberg</item><item type="ort" xml:id="o_J1A">Heimberg</item><item type="ort" xml:id="o_J1E">Heimiswil</item><item type="ort" xml:id="o_J1I">Heinrich v. Meißen 1250–1318,</item><item type="ort" xml:id="o_J1O">Heiri</item><item type="ort" xml:id="o_J1U">Helg=Bassignot, Nanette</item><item type="ort" xml:id="o_J1Y">Helgoland</item><item type="ort" xml:id="o_J2A">Hemmann, Bernhard ^+ 1847,</item><item type="ort" xml:id="o_J2E">Hendeß, C. G.</item><item type="ort" xml:id="o_J2I">Hentschel, Ernst</item><item type="ort" xml:id="o_J2O">Herberger, E.</item><item type="ort" xml:id="o_J2U">Herdy, Margr.</item><item type="ort" xml:id="o_J2Y">Hergiswil</item><item type="ort" xml:id="o_J3E">Herisau</item><item type="ort" xml:id="o_J3I">Herkules</item><item type="ort" xml:id="o_J3O">Hermiswil</item><item type="ort" xml:id="o_J3U">Herodes</item><item type="ort" xml:id="o_J3Y">Herport, A.</item><item type="ort" xml:id="o_J4A">Herrmann, Adam</item><item type="ort" xml:id="o_J4E">Herrmann, Friedrich</item><item type="ort" xml:id="o_J4O">Herter, Jakob</item><item type="ort" xml:id="o_J4U">Herzogenbuchsee</item><item type="ort" xml:id="o_J4Y">Hessisch=Oldendorf</item><item type="ort" xml:id="o_J5A">Heyfelder, Frieda</item><item type="ort" xml:id="o_J5E">Heyfelder, Oskar #H:*#G:1828,</item><item type="ort" xml:id="o_J5O">Hiltbrunner, Johann Gottlieb</item><item type="ort" xml:id="o_J5U">Hindelbank</item><item type="ort" xml:id="o_J5Y">Hirsbrunner, Andreas</item><item type="ort" xml:id="o_J6A">Hirsbrunner, Christian</item><item type="ort" xml:id="o_J6E">Hirsbrunner, Johann</item><item type="ort" xml:id="o_J6I">Hirsbrunner, Uli</item><item type="ort" xml:id="o_J6O">Hochdorf</item><item type="ort" xml:id="o_J6U">Hochschule und Universität Bern</item><item type="ort" xml:id="o_J6Y">Hochschule, Eidgenössische</item><item type="ort" xml:id="o_J7A">Hoehr, Salomon</item><item type="ort" xml:id="o_J7I">Hofer, Christian</item><item type="ort" xml:id="o_J7O">Hofer, Peter</item><item type="ort" xml:id="o_J7U">Hofmann</item><item type="ort" xml:id="o_J7Y">Hofstetter</item><item type="ort" xml:id="o_J8A">Hofwil, früher Wylhof</item><item type="ort" xml:id="o_J8E">Hoheneichen</item><item type="ort" xml:id="o_J8O">Hohnstedt</item><item type="ort" xml:id="o_J8U">Hohnstein</item><item type="ort" xml:id="o_J8Y">Holland</item><item type="ort" xml:id="o_J9A">Holzminden a. d. Weser</item><item type="ort" xml:id="o_J9E">Homburg</item><item type="ort" xml:id="o_J9I">Homer</item><item type="ort" xml:id="o_J9O">Hopf, Gottlieb Friedrich</item><item type="ort" xml:id="o_J9U">Hopf, Johann Samuel</item><item type="ort" xml:id="o_J9Y">Hopf, Karl</item><item type="ort" xml:id="o_J0A">Hopf=Manuel, Sophie #H:*#G:1839,</item><item type="ort" xml:id="o_J0E">Hopfengärtner, Christian</item><item type="ort" xml:id="o_J0I">Horaz 1. Jhdt.,</item><item type="ort" xml:id="o_J0O">Horben</item><item type="ort" xml:id="o_J0U">Horisberger</item><item type="ort" xml:id="o_J0Y">Horn b. Basel</item><item type="ort" xml:id="o_K1A">Hornbach</item><item type="ort" xml:id="o_K1E">Hotz, Josef</item><item type="ort" xml:id="o_K1U">Huber &amp; Cie., Buchhdlg.</item><item type="ort" xml:id="o_K1I">Huber, Joseph</item><item type="ort" xml:id="o_K1O">Hubers Apotheke</item><item type="ort" xml:id="o_K2O">Hurka, Friedrich Franz 1762-1805,</item><item type="ort" xml:id="o_K2U">Huttwil</item><item type="ort" xml:id="o_I6I">Häberli, Niklaus</item><item type="ort" xml:id="o_I6O">Häfelen oder Häfeli, Brüder</item><item type="ort" xml:id="o_I6U">Hähl, Emanuel</item><item type="ort" xml:id="o_I6Y">Häuselmann</item><item type="ort" xml:id="o_J7E">Hölstein</item><item type="ort" xml:id="o_K1Y">Hübner, Julius</item><item type="ort" xml:id="o_K2A">Hünerwadel, Jérôme</item><item type="ort" xml:id="o_K2E">Hürlimann</item><item type="ort" xml:id="o_K2I">Hürner, Carl Wilhelm Ludwig</item><item type="ort" xml:id="o_K3Y">Kalchofen</item><item type="ort" xml:id="o_K4A">Kalifornien</item><item type="ort" xml:id="o_K4E">Kalisky</item><item type="ort" xml:id="o_K4I">Kandergrund</item><item type="ort" xml:id="o_K4O">Kantonalbank von Bern</item><item type="ort" xml:id="o_K4U">Kappel</item><item type="ort" xml:id="o_K4Y">Kappelenbad b. Wynigen</item><item type="ort" xml:id="o_K5O">Karl X. 1757–1836,</item><item type="ort" xml:id="o_K5A">Karl der Große 742–814,</item><item type="ort" xml:id="o_K5E">Karl der Hammer (Martell) 688–741,</item><item type="ort" xml:id="o_K5I">Karl der Kühne 1433–1477,</item><item type="ort" xml:id="o_K5U">Karlen, Johann #H:*#G:1807,</item><item type="ort" xml:id="o_K5Y">Karlsruhe</item><item type="ort" xml:id="o_K6A">Kassel</item><item type="ort" xml:id="o_K6E">Katz, Moritz</item><item type="ort" xml:id="o_K6I">Kaufmann, Johann</item><item type="ort" xml:id="o_K6O">Kaukasus</item><item type="ort" xml:id="o_K6U">Kehl</item><item type="ort" xml:id="o_K6Y">Kehrli</item><item type="ort" xml:id="o_K7A">Kehrli, Elisabeth</item><item type="ort" xml:id="o_K7E">Kehrli, Mathys</item><item type="ort" xml:id="o_K7I">Kehrli, Meji</item><item type="ort" xml:id="o_K7O">Kehrli, Niklaus</item><item type="ort" xml:id="o_K7U">Kehrsatz</item><item type="ort" xml:id="o_K7Y">Kernenried</item><item type="ort" xml:id="o_K8A">Kessi</item><item type="ort" xml:id="o_K8E">Kiel</item><item type="ort" xml:id="o_K8I">Kiesen</item><item type="ort" xml:id="o_K8O">Kilchenmann, Jakob</item><item type="ort" xml:id="o_K8U">Kirchberg</item><item type="ort" xml:id="o_K8Y">Kirchendirektion Bern</item><item type="ort" xml:id="o_K9A">Kirchenkommission, Kirchenkonvent, Kirchenrat</item><item type="ort" xml:id="o_K9E">Kirchensynode</item><item type="ort" xml:id="o_K9I">Kisher von Thurgau</item><item type="ort" xml:id="o_K9O">Kisling</item><item type="ort" xml:id="o_K9Y">Kistler, Peter +1480,</item><item type="ort" xml:id="o_K9U">Kißling</item><item type="ort" xml:id="o_K0A">Klausthal i. Harz</item><item type="ort" xml:id="o_K0E">Kloten</item><item type="ort" xml:id="o_K0I">Kobel, Elisabeth</item><item type="ort" xml:id="o_K0O">Koburg, Herzogliche Familie</item><item type="ort" xml:id="o_K0U">Kocher</item><item type="ort" xml:id="o_L2I">Koerber, Hans</item><item type="ort" xml:id="o_L2Y">Kohler, Alexander</item><item type="ort" xml:id="o_L3A">Kohler, Caroline</item><item type="ort" xml:id="o_L3E">Kohler, Constance</item><item type="ort" xml:id="o_L2U">Kohler, Familie</item><item type="ort" xml:id="o_L3I">Kohler, Fritz</item><item type="ort" xml:id="o_L3O">Kolatschek, Adolph</item><item type="ort" xml:id="o_L3U">Kolin, Peter 15. Jhdt.,</item><item type="ort" xml:id="o_L3Y">Konolfingen</item><item type="ort" xml:id="o_L4A">Konrad, J.</item><item type="ort" xml:id="o_L4E">Konstantinopel</item><item type="ort" xml:id="o_L4I">Konstanz</item><item type="ort" xml:id="o_L4O">Kopenhagen</item><item type="ort" xml:id="o_L4U">Koppigen</item><item type="ort" xml:id="o_L4Y">Krachpelz &amp; Stalder</item><item type="ort" xml:id="o_L5E">Krafft, Anton</item><item type="ort" xml:id="o_L5I">Krauchthal</item><item type="ort" xml:id="o_L5U">Krauskopf, Wilhelm #H:*#G:1813,</item><item type="ort" xml:id="o_L5Y">Krauße</item><item type="ort" xml:id="o_L6A">Krebs, Abraham</item><item type="ort" xml:id="o_L6E">Kretzschmar, Adolph</item><item type="ort" xml:id="o_L6I">Kreuzlingen</item><item type="ort" xml:id="o_L6O">Kreuzstraße</item><item type="ort" xml:id="o_L6U">Kriegstetten</item><item type="ort" xml:id="o_L6Y">Kroatien</item><item type="ort" xml:id="o_L7E">Kromer</item><item type="ort" xml:id="o_L7I">Kronauer, Fritz</item><item type="ort" xml:id="o_L5A">Krämer, Meji</item><item type="ort" xml:id="o_L7A">Kröner (Adolf) Verlag</item><item type="ort" xml:id="o_L7O">Kuentz, Marie Rosina #H:*#G:1801,</item><item type="ort" xml:id="o_L8I">Kumli</item><item type="ort" xml:id="o_L8O">Kummer</item><item type="ort" xml:id="o_L8U">Kunz</item><item type="ort" xml:id="o_L8Y">Kunz, Joseph</item><item type="ort" xml:id="o_L9A">Kunze, C. G.</item><item type="ort" xml:id="o_L9E">Kupferschmid</item><item type="ort" xml:id="o_L9I">Kupferschmid, Friedrich</item><item type="ort" xml:id="o_L9O">Kupferschmied, Emanuel</item><item type="ort" xml:id="o_L9U">Kuratli, Johannes</item><item type="ort" xml:id="o_L9Y">Kuttlebädli</item><item type="ort" xml:id="o_L0A">Kyburg, Grafen</item><item type="ort" xml:id="o_L0E">Kyburger, Johann</item><item type="ort" xml:id="o_K2Y">Kämpfer</item><item type="ort" xml:id="o_K3A">Kämpfer</item><item type="ort" xml:id="o_K3E">Känel</item><item type="ort" xml:id="o_K3O">Käs= und Brothubel</item><item type="ort" xml:id="o_K3I">Käsermann, Rosina</item><item type="ort" xml:id="o_K0Y">Köhler, G. E.</item><item type="ort" xml:id="o_L1A">Köln</item><item type="ort" xml:id="o_L1E">König</item><item type="ort" xml:id="o_L1O">König, Rudolf</item><item type="ort" xml:id="o_L1I">König=Lindt, Rosina Julie</item><item type="ort" xml:id="o_L1U">König=Lindt, Rudolf</item><item type="ort" xml:id="o_L1Y">Königsberg</item><item type="ort" xml:id="o_L2A">Königsfelden</item><item type="ort" xml:id="o_L2E">Köniz</item><item type="ort" xml:id="o_L2O">Köthen</item><item type="ort" xml:id="o_L7U">Küpfer, Carl Rudolf #H:*#G:1803,</item><item type="ort" xml:id="o_L7Y">Küpfer, Friedrich #H:*#G:1806,</item><item type="ort" xml:id="o_L8A">Küpfer, Rudolf</item><item type="ort" xml:id="o_L8E">Küßnacht</item><item type="ort" xml:id="o_M1U">La Harpe, Henri Louis de ^+ 1880,</item><item type="ort" xml:id="o_L0I">Lachem</item><item type="ort" xml:id="o_M1O">Laffarge (Frau)</item><item type="ort" xml:id="o_M1Y">Lambesse</item><item type="ort" xml:id="o_M2A">Landenberg</item><item type="ort" xml:id="o_M2E">Landiswil</item><item type="ort" xml:id="o_M2I">Landkrug</item><item type="ort" xml:id="o_M2O">Landorf (Anstalt)</item><item type="ort" xml:id="o_M2U">Landpfarrersfrau, Eine zukünftige</item><item type="ort" xml:id="o_M2Y">Landsaßenkommission</item><item type="ort" xml:id="o_M3A">Landshut</item><item type="ort" xml:id="o_M3E">Langenbruck</item><item type="ort" xml:id="o_M3I">Langenthal</item><item type="ort" xml:id="o_M3O">Langnau i. E.</item><item type="ort" xml:id="o_M3U">Lantz, Carl</item><item type="ort" xml:id="o_M3Y">Lappland</item><item type="ort" xml:id="o_M4A">Lauber</item><item type="ort" xml:id="o_M4E">Laufen</item><item type="ort" xml:id="o_M4I">Laupen</item><item type="ort" xml:id="o_M4O">Lauperswil</item><item type="ort" xml:id="o_M4U">Lausanne</item><item type="ort" xml:id="o_M4Y">Lausen</item><item type="ort" xml:id="o_M5A">Lauterbach</item><item type="ort" xml:id="o_M5E">Lauterburg=Rychner, Marie Elisabeth</item><item type="ort" xml:id="o_N1O">Le Locle (Luggli)</item><item type="ort" xml:id="o_M5I">Ledermann, Friedrich</item><item type="ort" xml:id="o_M5O">Leibundgut, Andreas</item><item type="ort" xml:id="o_M5U">Leimeren</item><item type="ort" xml:id="o_M5Y">Leipzig</item><item type="ort" xml:id="o_M6A">Leiser</item><item type="ort" xml:id="o_M6E">Lengnau, Längnau</item><item type="ort" xml:id="o_M6I">Lenzburg</item><item type="ort" xml:id="o_M6O">Leuenberger</item><item type="ort" xml:id="o_M6U">Leuenberger, Andreas</item><item type="ort" xml:id="o_M6Y">Leuenberger, Anna Maria</item><item type="ort" xml:id="o_M7A">Leuenberger, Christian</item><item type="ort" xml:id="o_M7E">Leukerbad (Wallisbad)</item><item type="ort" xml:id="o_M7I">Leuzigen</item><item type="ort" xml:id="o_M7O">Leyendecker</item><item type="ort" xml:id="o_M7U">Lichem, Ludwig</item><item type="ort" xml:id="o_M7Y">Lichtensteig</item><item type="ort" xml:id="o_M8A">Liechti, Niklaus #H:*#G:1792,</item><item type="ort" xml:id="o_M8E">Liestal</item><item type="ort" xml:id="o_M8I">Ligerz</item><item type="ort" xml:id="o_M8O">Limpach</item><item type="ort" xml:id="o_M8U">Lindau</item><item type="ort" xml:id="o_M8Y">Lindemann</item><item type="ort" xml:id="o_M9A">Linder, Johannes</item><item type="ort" xml:id="o_M9E">Lindt, August</item><item type="ort" xml:id="o_M9U">Lindt, Johanna Rosa #H:*#G:1822,</item><item type="ort" xml:id="o_M9I">Lindt, Otto</item><item type="ort" xml:id="o_M9O">Lindt, Paul #H:*#G:1828,</item><item type="ort" xml:id="o_M9Y">Linke, H. M.</item><item type="ort" xml:id="o_M0A">Lischko, Johann Traugott</item><item type="ort" xml:id="o_M0E">Lissa (Posen)</item><item type="ort" xml:id="o_M0I">Lissabon</item><item type="ort" xml:id="o_M0O">Littau</item><item type="ort" xml:id="o_M0U">Loccum</item><item type="ort" xml:id="o_M0Y">Lochbach (Burgdorf)</item><item type="ort" xml:id="o_N1A">Lochbachbad</item><item type="ort" xml:id="o_N1E">Locher, Christian</item><item type="ort" xml:id="o_N1I">Locher, Franz</item><item type="ort" xml:id="o_N2E">Lombardei</item><item type="ort" xml:id="o_N2I">London</item><item type="ort" xml:id="o_N2O">Louis Napoleon 1808–1873,</item><item type="ort" xml:id="o_N2U">Louis Philippe I. 1773–1850,</item><item type="ort" xml:id="o_N2Y">Louise</item><item type="ort" xml:id="o_N3A">Lowerz</item><item type="ort" xml:id="o_N3E">Luchsmatt</item><item type="ort" xml:id="o_N3O">Ludwig I. v. Bayern 1786–1868,</item><item type="ort" xml:id="o_Y7E">Ludwig Wagner &amp; Co.</item><item type="ort" xml:id="o_N3U">Ludwig XI. v. Frankreich 1423–1483,</item><item type="ort" xml:id="o_N3Y">Ludwig XIV. v. Frankreich 1638–1715,</item><item type="ort" xml:id="o_N4A">Ludwig XVI. v. Frankreich 1754–1793,</item><item type="ort" xml:id="o_N4E">Ludwig XVIII. v. Frankreich 1755–1824,</item><item type="ort" xml:id="o_N3I">Ludwig der Bayer 1282–1347,</item><item type="ort" xml:id="o_N7I">Lupichius, Samuel ^+ 1768,</item><item type="ort" xml:id="o_N7U">Luthern</item><item type="ort" xml:id="o_N7Y">Lutz=Grimm, Anna Maria Louise #H:*#G:1835,</item><item type="ort" xml:id="o_N8A">Luzern</item><item type="ort" xml:id="o_N8E">Lykurg 9. Jhdt. v. Chr.,</item><item type="ort" xml:id="o_N8I">Lyon</item><item type="ort" xml:id="o_N8O">Lyß</item><item type="ort" xml:id="o_N8U">Lyßach</item><item type="ort" xml:id="o_L0O">Lädermann</item><item type="ort" xml:id="o_L0U">Lädermann, Rosina</item><item type="ort" xml:id="o_L0Y">Läng, Hans Ulrich</item><item type="ort" xml:id="o_M1A">Läng, Rudolf</item><item type="ort" xml:id="o_M1E">Läng, Samuel</item><item type="ort" xml:id="o_M1I">Läuffer, Niklaus</item><item type="ort" xml:id="o_N1U">Lörrach</item><item type="ort" xml:id="o_N1Y">Löwenbrugger, Familie</item><item type="ort" xml:id="o_N4I">Lübeck</item><item type="ort" xml:id="o_N4O">Lüdern</item><item type="ort" xml:id="o_N4U">Lüneburg</item><item type="ort" xml:id="o_N5A">Lüthi</item><item type="ort" xml:id="o_N5E">Lüthi, Christian</item><item type="ort" xml:id="o_N5O">Lüthi, Elisabeth #H:*#G:1818,</item><item type="ort" xml:id="o_N5U">Lüthi, Margaritha #H:*#G:1829,</item><item type="ort" xml:id="o_N5Y">Lüthi, Maria (genannt Verena) #H:*#G:1833,</item><item type="ort" xml:id="o_N6A">Lüthi, Moritz #H:*#G:1827,</item><item type="ort" xml:id="o_N6E">Lüthi, Peter</item><item type="ort" xml:id="o_N6I">Lüthi, Peter #H:*#G:1782,</item><item type="ort" xml:id="o_N5I">Lüthi=Jutzi, Christina</item><item type="ort" xml:id="o_N6O">Lüthy, Johann Jakob</item><item type="ort" xml:id="o_N6U">Lütschg, Melchior</item><item type="ort" xml:id="o_N6Y">Lüttich</item><item type="ort" xml:id="o_N7A">Lützelflüh</item><item type="ort" xml:id="o_N7E">Lützen</item><item type="ort" xml:id="o_N4Y">Lüßlingen</item><item type="ort" xml:id="o_N8Y">Maad</item><item type="ort" xml:id="o_N9E">Madiswil</item><item type="ort" xml:id="o_N9O">Magdeburg</item><item type="ort" xml:id="o_N9U">Mailand</item><item type="ort" xml:id="o_N9Y">Mainz</item><item type="ort" xml:id="o_N0A">Malta</item><item type="ort" xml:id="o_N0I">Mani, Jakob 1785–1852</item><item type="ort" xml:id="o_N0O">Manuel, Albrecht Karl Paul #H:*#G:1835,</item><item type="ort" xml:id="o_N0U">Marbach</item><item type="ort" xml:id="o_N0Y">Marburg</item><item type="ort" xml:id="o_O1A">Marcolin, Christian</item><item type="ort" xml:id="o_O1E">Marcuard, Berner Familie seit dem 18. Jh.,</item><item type="ort" xml:id="o_O1I">Marengo</item><item type="ort" xml:id="o_O1O">Mariastein</item><item type="ort" xml:id="o_O1U">Marie Antoinette 1755–93,</item><item type="ort" xml:id="o_O1Y">Marignano</item><item type="ort" xml:id="o_O2A">Marokko</item><item type="ort" xml:id="o_O2E">Marti, Barbara</item><item type="ort" xml:id="o_O2I">Marti, Jakob</item><item type="ort" xml:id="o_O2O">Marti, Johann</item><item type="ort" xml:id="o_O2U">Marti, Josef</item><item type="ort" xml:id="o_O2Y">Matern, Thaida</item><item type="ort" xml:id="o_O3A">Mathey, Edouard Climi #H:*#G:1833,</item><item type="ort" xml:id="o_O3E">Mathys, Fritz Jakob ^+ 1839,</item><item type="ort" xml:id="o_O3I">Matti (Frau)</item><item type="ort" xml:id="o_O3O">Matti, Albert ^+ 1851,</item><item type="ort" xml:id="o_O3U">Matti, David Jakob #H:*#G:1821,</item><item type="ort" xml:id="o_O3Y">Matti, Gottlieb</item><item type="ort" xml:id="o_O4A">Mauensee</item><item type="ort" xml:id="o_O4E">Mauerhofer</item><item type="ort" xml:id="o_O4I">Maurer, Bendicht (genannt Wälti Benz)</item><item type="ort" xml:id="o_O5O">Mayer, Gustav</item><item type="ort" xml:id="o_O5U">Mechthild von Magdeburg 13. Jhdt.,</item><item type="ort" xml:id="o_O5Y">Mecklenburg</item><item type="ort" xml:id="o_O6A">Mediziner aus Bern</item><item type="ort" xml:id="o_O6E">Meier, Max ^+ 1885,</item><item type="ort" xml:id="o_O6I">Meikirch</item><item type="ort" xml:id="o_O6O">Meiringen</item><item type="ort" xml:id="o_O6U">Meißen</item><item type="ort" xml:id="o_O7A">Meißner &amp; Schirges</item><item type="ort" xml:id="o_O6Y">Meißner, Otto</item><item type="ort" xml:id="o_O7E">Melagros (Meleagros) um 70 v. Chr.,</item><item type="ort" xml:id="o_O7I">Melchnau</item><item type="ort" xml:id="o_O7O">Melchthal, Arnold 12. Jhdt.,</item><item type="ort" xml:id="o_O7U">Melligen, Mellingen</item><item type="ort" xml:id="o_O7Y">Melton=Mowbray</item><item type="ort" xml:id="o_O8A">Mendelssohn, Hermann</item><item type="ort" xml:id="o_O8E">Merligen</item><item type="ort" xml:id="o_O8I">Merseburg</item><item type="ort" xml:id="o_O8O">Mett</item><item type="ort" xml:id="o_O8U">Mettmenstetten</item><item type="ort" xml:id="o_O8Y">Metzger (theol.)</item><item type="ort" xml:id="o_O9A">Metzig, (Dr.)</item><item type="ort" xml:id="o_O9E">Mey, Karl Günther</item><item type="ort" xml:id="o_O9I">Meyer</item><item type="ort" xml:id="o_O9O">Meyer &amp; Hanisch</item><item type="ort" xml:id="o_O9U">Meyer &amp; Zeller</item><item type="ort" xml:id="o_O9Y">Michel, Daniel</item><item type="ort" xml:id="o_O0A">Miescher, Christian</item><item type="ort" xml:id="o_O0I">Miescher, Peter #H:*#G:1798,</item><item type="ort" xml:id="o_O0E">Miescher=Gemuseus, Ernst Gottfried #H:*#G: 1848,</item><item type="ort" xml:id="o_O0O">Minden</item><item type="ort" xml:id="o_O0U">Minder, Johann</item><item type="ort" xml:id="o_O0Y">Minder, Johann Ulrich</item><item type="ort" xml:id="o_P1O">Mont-sur-Rolle</item><item type="ort" xml:id="o_P1Y">Moosseedorf</item><item type="ort" xml:id="o_P2A">Morell, Abraham</item><item type="ort" xml:id="o_P2E">Morgarten</item><item type="ort" xml:id="o_P2I">Morges</item><item type="ort" xml:id="o_P2O">Moser, Andreas</item><item type="ort" xml:id="o_P2Y">Moser, Johann (Champoz=Hansli, Tschampelhansli)</item><item type="ort" xml:id="o_P2U">Moser=Gugelmann, Amelie #H:*#G:1808,</item><item type="ort" xml:id="o_P3A">Mosimann, Johannes #H:*#G:1818,</item><item type="ort" xml:id="o_P3E">Moskau</item><item type="ort" xml:id="o_P6I">Muheim, Hieronymus 17. Jhdt.,</item><item type="ort" xml:id="o_P6O">Murbach</item><item type="ort" xml:id="o_P6U">Muret, Gabriel</item><item type="ort" xml:id="o_P6Y">Murgenthal (Morgental)</item><item type="ort" xml:id="o_P7A">Muri AG</item><item type="ort" xml:id="o_P7E">Muri b. Bern</item><item type="ort" xml:id="o_P7I">Murner (Katze)</item><item type="ort" xml:id="o_P7O">Murten</item><item type="ort" xml:id="o_P7U">Muschg, Walter 1898–1965</item><item type="ort" xml:id="o_P8A">Mutten b. Signau</item><item type="ort" xml:id="o_P8E">Muttenz</item><item type="ort" xml:id="o_P8I">Mutzloch</item><item type="ort" xml:id="o_N9A">Mâcon</item><item type="ort" xml:id="o_N9I">Männedorf</item><item type="ort" xml:id="o_P1E">Möhlin</item><item type="ort" xml:id="o_P1I">Mörle (Möhrle), Christoph</item><item type="ort" xml:id="o_P3I">Mühleberg, Mühlenberg</item><item type="ort" xml:id="o_P3O">Mühlemann, Johann</item><item type="ort" xml:id="o_P3U">Mühleseilen</item><item type="ort" xml:id="o_P3Y">Mühletaler, Friedrich</item><item type="ort" xml:id="o_P4A">Mühlheim, Johann</item><item type="ort" xml:id="o_P4E">Mülhausen</item><item type="ort" xml:id="o_P4I">Müller</item><item type="ort" xml:id="o_P4O">Müller, Adam</item><item type="ort" xml:id="o_P4U">Müller, Fr.</item><item type="ort" xml:id="o_P4Y">Müller, Friedrich Rudolf #H:*#G:1792,</item><item type="ort" xml:id="o_P5A">Müller, Johann #H:*#G:1812,</item><item type="ort" xml:id="o_P5E">Müller, Karl Heinrich Gottlieb (Pseudonym: Karl Heinrich von
                            Malten) 1795–1856</item><item type="ort" xml:id="o_P5I">Mümliswil</item><item type="ort" xml:id="o_P5O">München</item><item type="ort" xml:id="o_P5U">Münchenbuchsee</item><item type="ort" xml:id="o_P5Y">Münden</item><item type="ort" xml:id="o_P6A">Münnenberg</item><item type="ort" xml:id="o_P6E">Münsingen</item><item type="ort" xml:id="o_Q2U">NN (anonym)</item><item type="ort" xml:id="o_P9A">Napf</item><item type="ort" xml:id="o_P9E">Napoleon I. (Bonaparte) 1769–1821,</item><item type="ort" xml:id="o_P9I">Napoleon III. 1808–73,</item><item type="ort" xml:id="o_P9O">Neapel</item><item type="ort" xml:id="o_P9U">Neftenbach</item><item type="ort" xml:id="o_P9Y">Nepos, Cornelius ^+ 32 n. Chr.,</item><item type="ort" xml:id="o_P0A">Nero 37–68 n. Chr.,</item><item type="ort" xml:id="o_P0E">Neu=Buckow</item><item type="ort" xml:id="o_Q1E">Neu=Stettin</item><item type="ort" xml:id="o_P0I">Neudietendorf</item><item type="ort" xml:id="o_P0O">Neuenburg, Neuchâtel</item><item type="ort" xml:id="o_P0U">Neuenegg</item><item type="ort" xml:id="o_P0Y">Neukirch, J. G. *1783</item><item type="ort" xml:id="o_Q1A">Neuseeland</item><item type="ort" xml:id="o_Q1I">New York</item><item type="ort" xml:id="o_Q1O">Nicholls</item><item type="ort" xml:id="o_Q1U">Nidau</item><item type="ort" xml:id="o_Q2A">Niese, Constantin</item><item type="ort" xml:id="o_Q2E">Niklaus von der Flüe 1417–1487,</item><item type="ort" xml:id="o_Q2I">Nikolaus von Myra 4. Jhdt.,</item><item type="ort" xml:id="o_Q2O">Nissen, Agathon Wilhelm Woldemar 1800–74</item><item type="ort" xml:id="o_Q3A">Nordheim, Northeim</item><item type="ort" xml:id="o_Q3E">Novalis (Georg Philipp Friedrich Freiherr von Hardenberg)
                            1772–1801,</item><item type="ort" xml:id="o_Q3I">Novara</item><item type="ort" xml:id="o_Q3U">Nyffenegger</item><item type="ort" xml:id="o_Q3Y">Nyon</item><item type="ort" xml:id="o_P8O">Näfels</item><item type="ort" xml:id="o_P8U">Nägeli=Ziegler, Sophie</item><item type="ort" xml:id="o_P8Y">Näjereänneli</item><item type="ort" xml:id="o_Q2Y">Nörten</item><item type="ort" xml:id="o_Q3O">Nürnberg</item><item type="ort" xml:id="o_Q4A">Obenaus, Peter (= Hofer, Peter)</item><item type="ort" xml:id="o_Q4E">Ober, P.</item><item type="ort" xml:id="o_Q4I">Oberburg</item><item type="ort" xml:id="o_Q4O">Oberei (Süderen)</item><item type="ort" xml:id="o_Q4U">Oberli, Hans</item><item type="ort" xml:id="o_Q4Y">Oberlin</item><item type="ort" xml:id="o_Q5A">Oberried</item><item type="ort" xml:id="o_Q5E">Obrecht, Christian</item><item type="ort" xml:id="o_Q5I">Obwalden</item><item type="ort" xml:id="o_Q5Y">Oesch</item><item type="ort" xml:id="o_Q6A">Oesch, Peter #H:*#G:1810,</item><item type="ort" xml:id="o_Q6I">Offenhäuser, Franz Daniel Ludwig #H:*#G:1785,</item><item type="ort" xml:id="o_Q6U">Olsberg</item><item type="ort" xml:id="o_Q6Y">Olten</item><item type="ort" xml:id="o_Q7A">Orbe</item><item type="ort" xml:id="o_Q7E">Orgetorix ^+ 60 n. Chr.,</item><item type="ort" xml:id="o_Q7I">Oschatz</item><item type="ort" xml:id="o_Q7O">Oschatz, Ludwig Heinrich #H:*#G:1763,</item><item type="ort" xml:id="o_Q7U">Oschwald</item><item type="ort" xml:id="o_Q7Y">Ostende</item><item type="ort" xml:id="o_Q8A">Ostermundigen</item><item type="ort" xml:id="o_Q8E">Ott</item><item type="ort" xml:id="o_Q8I">Ottokar II. v. Böhmen 1230–78,</item><item type="ort" xml:id="o_Q8U">Paris</item><item type="ort" xml:id="o_Q8Y">Paulet, Jean François Louis #H:*#G:1787,</item><item type="ort" xml:id="o_Q9A">Paulus Diaconus 720–97,</item><item type="ort" xml:id="o_Q9E">Pavia</item><item type="ort" xml:id="o_Q9I">Payerne (deutsch Peterlingen)</item><item type="ort" xml:id="o_Q9O">Pest (Budapest)</item><item type="ort" xml:id="o_Q9Y">Petersburg</item><item type="ort" xml:id="o_Q0A">Petershagen</item><item type="ort" xml:id="o_Q0E">Peterwardein</item><item type="ort" xml:id="o_Q9U">Pettavel, William 1830–1907</item><item type="ort" xml:id="o_Q0U">Pfaffenmoos</item><item type="ort" xml:id="o_Q0Y">Pfander</item><item type="ort" xml:id="o_R1A">Pfauen (deutscher Name v. Faoug)</item><item type="ort" xml:id="o_R1E">Pfleger</item><item type="ort" xml:id="o_R1I">Pfleger=Stähli, Friedrich Jakob</item><item type="ort" xml:id="o_R1O">Pfleger=Stähli, Johanna Margerita</item><item type="ort" xml:id="o_R1U">Pfuel, Adolf Heinrich Ernst von (1779–1866)</item><item type="ort" xml:id="o_Q0I">Pfäfers</item><item type="ort" xml:id="o_Q0O">Pfäffli, Johann #H:*#G:1820,</item><item type="ort" xml:id="o_R1Y">Phaedrus 1. Jhdt. n. Chr.,</item><item type="ort" xml:id="o_R2A">Philipp II. v. Spanien 1527–98,</item><item type="ort" xml:id="o_R2E">Pieterlen</item><item type="ort" xml:id="o_R2I">Pindar 518–446 v. Chr.,</item><item type="ort" xml:id="o_R2O">Pipin 715–768,</item><item type="ort" xml:id="o_R2U">Pisa</item><item type="ort" xml:id="o_R2Y">Pius IX.</item><item type="ort" xml:id="o_R3A">Pius XII.</item><item type="ort" xml:id="o_R3E">Planta (General)</item><item type="ort" xml:id="o_R3I">Platon 427–347 v. Chr.,</item><item type="ort" xml:id="o_R3O">Plautus, Titus Maccius 254–184 v. Chr.,</item><item type="ort" xml:id="o_R3U">Plurs</item><item type="ort" xml:id="o_R4A">Polen</item><item type="ort" xml:id="o_R4E">Poliez-le-Grand</item><item type="ort" xml:id="o_R4I">Polotsk</item><item type="ort" xml:id="o_R4O">Pontarlier, Punterlü, Bunterlü</item><item type="ort" xml:id="o_R4U">Pontois, Charles Eduard de 1792–1871</item><item type="ort" xml:id="o_R4Y">Portugal</item><item type="ort" xml:id="o_R5A">Poschung Sagne, J.</item><item type="ort" xml:id="o_R5E">Potsdam</item><item type="ort" xml:id="o_R5I">Prag</item><item type="ort" xml:id="o_R5O">Pratteln</item><item type="ort" xml:id="o_R5U">Preußen</item><item type="ort" xml:id="o_R6A">Probst, Samuel</item><item type="ort" xml:id="o_R6E">Profose Bäbi</item><item type="ort" xml:id="o_R6I">Provence</item><item type="ort" xml:id="o_R6O">Prunet, Franz</item><item type="ort" xml:id="o_R6U">Pruntrut</item><item type="ort" xml:id="o_R6Y">Pulver, Friedrich Jakob</item><item type="ort" xml:id="o_R7A">Pupikofer, Johannes #H:*#G:1807,</item><item type="ort" xml:id="o_R7E">Putbus</item><item type="ort" xml:id="o_R7I">Pyrmont</item><item type="ort" xml:id="o_Q8O">Pärli, Johann</item><item type="ort" xml:id="o_R3Y">Pösche</item><item type="ort" xml:id="o_R7O">Quedlinburg</item><item type="ort" xml:id="o_R7U">Querfurt</item><item type="ort" xml:id="o_R7Y">Radbod 7. Jhdt.,</item><item type="ort" xml:id="o_R8A">Radelfingen</item><item type="ort" xml:id="o_R8E">Radloff</item><item type="ort" xml:id="o_R8I">Ragaz</item><item type="ort" xml:id="o_R8O">Ramsei</item><item type="ort" xml:id="o_R8U">Ramsler, Gottlieb</item><item type="ort" xml:id="o_R8Y">Ranflüh</item><item type="ort" xml:id="o_R9A">Rapp</item><item type="ort" xml:id="o_R9E">Rapperswil SG</item><item type="ort" xml:id="o_R9I">Rastatt</item><item type="ort" xml:id="o_R9O">Rauber, Samuel</item><item type="ort" xml:id="o_R9U">Rauch</item><item type="ort" xml:id="o_R9Y">Rauhes Haus Hamburg</item><item type="ort" xml:id="o_R0A">Rechsteiner</item><item type="ort" xml:id="o_R0E">Reding von Biberegg 14. Jhdt.,</item><item type="ort" xml:id="o_R0I">Reding, Ital (der ältere) ^+ nach 1446,</item><item type="ort" xml:id="o_R0O">Regensperg</item><item type="ort" xml:id="o_R0U">Regierungsrat, Bernischer</item><item type="ort" xml:id="o_R0Y">Rehburg</item><item type="ort" xml:id="o_S1E">Reichenau (Kloster)</item><item type="ort" xml:id="o_S1I">Reichenbach b. Bern</item><item type="ort" xml:id="o_S1O">Reisiswil (Melchnau)</item><item type="ort" xml:id="o_S1U">Reist, Jakob #H:*#G: 1819,</item><item type="ort" xml:id="o_S1Y">Reist, Ulrich</item><item type="ort" xml:id="o_S2A">Reithard=Bolthauser, Susanna</item><item type="ort" xml:id="o_S2E">Rellstab, Ludwig 1799–1860 (Pseudonym: Freimund
                            Zuschauer),</item><item type="ort" xml:id="o_S2I">Rentzsch, Ferdinand</item><item type="ort" xml:id="o_S2O">Resius, Carl Heinrich Christoph</item><item type="ort" xml:id="o_S2Y">Reutigen</item><item type="ort" xml:id="o_S3A">Rheineck</item><item type="ort" xml:id="o_S3E">Rheinfelden</item><item type="ort" xml:id="o_S3I">Ribnitz</item><item type="ort" xml:id="o_S3O">Richard, Johann Jakob +1825</item><item type="ort" xml:id="o_S3U">Richter, Aemilius Ludwig</item><item type="ort" xml:id="o_S3Y">Rickli=Moser, Verena</item><item type="ort" xml:id="o_S4A">Rieder, Hans 14. Jhdt.,</item><item type="ort" xml:id="o_S4E">Rieder, Peter 14. Jhdt.,</item><item type="ort" xml:id="o_S4I">Riedmatt</item><item type="ort" xml:id="o_S4O">Riedtwil</item><item type="ort" xml:id="o_S4Y">Riefershäusern (nicht Rimmershäusern)</item><item type="ort" xml:id="o_S4U">Riemschneider</item><item type="ort" xml:id="o_S5A">Riggisberg</item><item type="ort" xml:id="o_S5E">Rigi</item><item type="ort" xml:id="o_S5I">Rigi de Saud</item><item type="ort" xml:id="o_S5O">Rindlisbacher, Jakob</item><item type="ort" xml:id="o_S5U">Rindlisbacher, Johann ^+ 1848,</item><item type="ort" xml:id="o_S5Y">Rinteln</item><item type="ort" xml:id="o_S6A">Ris, Karl Ludwig</item><item type="ort" xml:id="o_S6I">Roderer, Jakob</item><item type="ort" xml:id="o_S7A">Rohmer Theodor 1820–56,</item><item type="ort" xml:id="o_S6Y">Rohmer, Friedrich 1814–56</item><item type="ort" xml:id="o_S7E">Rohrbach</item><item type="ort" xml:id="o_S7I">Rohrmoos</item><item type="ort" xml:id="o_S7O">Roland 8. Jhdt.,</item><item type="ort" xml:id="o_S7Y">Rollier, Peter David</item><item type="ort" xml:id="o_S8A">Rom</item><item type="ort" xml:id="o_S8E">Ronceval</item><item type="ort" xml:id="o_S8I">Roppenheim</item><item type="ort" xml:id="o_S8O">Rorer, Ärni 15. Jhdt.,</item><item type="ort" xml:id="o_S8U">Rostock</item><item type="ort" xml:id="o_S8Y">Rotach, Uli ^+ 1405,</item><item type="ort" xml:id="o_S9A">Roth</item><item type="ort" xml:id="o_S9E">Roth, Albert</item><item type="ort" xml:id="o_S9I">Roth, Franz #H:*#G:1774,</item><item type="ort" xml:id="o_S9O">Rothenbühler, Johann</item><item type="ort" xml:id="o_S9U">Rothenturm</item><item type="ort" xml:id="o_S9Y">Rothrist</item><item type="ort" xml:id="o_S0A">Rothschild, Familie</item><item type="ort" xml:id="o_S0E">Rubigen</item><item type="ort" xml:id="o_S0U">Rudolf II.von Burgund ^+ 937,</item><item type="ort" xml:id="o_S0O">Rudolf v. Habsburg 1218–91,</item><item type="ort" xml:id="o_S0Y">Rudswil, Rutzwil</item><item type="ort" xml:id="o_T1Y">Ruef=Dür, Elisabeth Theresia Henriette #H:*#G:1828,</item><item type="ort" xml:id="o_T2O">Rueff, Johann Heinrich</item><item type="ort" xml:id="o_T3I">Rumendingen</item><item type="ort" xml:id="o_T3O">Rupp</item><item type="ort" xml:id="o_T3U">Rupp, Johann Jakob</item><item type="ort" xml:id="o_T3Y">Ruprecht, Jakob</item><item type="ort" xml:id="o_T4A">Rußland</item><item type="ort" xml:id="o_T4E">Rychigen, Richigen</item><item type="ort" xml:id="o_T4I">Ryser</item><item type="ort" xml:id="o_T4O">Rytz, Bertha</item><item type="ort" xml:id="o_T4U">Rytz=Dick, Elisabeth</item><item type="ort" xml:id="o_S6U">Röthenbach b. Herzogenbuchsee</item><item type="ort" xml:id="o_S6O">Röthenbach i. E.</item><item type="ort" xml:id="o_T1A">Rüderswil</item><item type="ort" xml:id="o_T1E">Rüeggisberg</item><item type="ort" xml:id="o_T1I">Rüegsau</item><item type="ort" xml:id="o_T1O">Rüegsauschachen</item><item type="ort" xml:id="o_T1U">Rüegsbach</item><item type="ort" xml:id="o_T2A">Rüfenacht</item><item type="ort" xml:id="o_T2E">Rüfenacht, Johannes #H:*#G:1794,</item><item type="ort" xml:id="o_T2I">Rüfenacht, Niklaus</item><item type="ort" xml:id="o_T2U">Rügen</item><item type="ort" xml:id="o_T2Y">Rütschelen</item><item type="ort" xml:id="o_T3E">Rütti</item><item type="ort" xml:id="o_T4Y">Saanen</item><item type="ort" xml:id="o_T5A">Sachse, F.</item><item type="ort" xml:id="o_T5E">Sachseln</item><item type="ort" xml:id="o_T5I">Sachsen</item><item type="ort" xml:id="o_T5Y">Saiber, Hermann</item><item type="ort" xml:id="o_T6A">Sallenches</item><item type="ort" xml:id="o_T6E">Salzderhelden</item><item type="ort" xml:id="o_T6I">Sandmaier, Jakob</item><item type="ort" xml:id="o_T6O">Sanitätskommission Bern</item><item type="ort" xml:id="o_T6U">Sardinien</item><item type="ort" xml:id="o_T6Y">Sargans, Hans von ^+ 1400,</item><item type="ort" xml:id="o_T7A">Sarnen</item><item type="ort" xml:id="o_T7E">Savoyen, Grafen</item><item type="ort" xml:id="o_T7O">Schachenhof, Anstalt</item><item type="ort" xml:id="o_T7U">Schacht</item><item type="ort" xml:id="o_T8I">Schaffhausen</item><item type="ort" xml:id="o_T8O">Schafhausen</item><item type="ort" xml:id="o_T8U">Schallenberg</item><item type="ort" xml:id="o_T8Y">Schangnau</item><item type="ort" xml:id="o_T9A">Schattenhalb (Meiringen)</item><item type="ort" xml:id="o_T9I">Schauenburgbad</item><item type="ort" xml:id="o_T9O">Schedel</item><item type="ort" xml:id="o_T9U">Scheffel, C.</item><item type="ort" xml:id="o_T9Y">Scheidegger</item><item type="ort" xml:id="o_T0A">Scheidegger, Andreas</item><item type="ort" xml:id="o_T0E">Scheidegger, Christian (=Waltrigen Christen)</item><item type="ort" xml:id="o_T0I">Scheidegger, Jakob</item><item type="ort" xml:id="o_T0O">Scheidegger, Johann Ulrich</item><item type="ort" xml:id="o_T0U">Scheidiger, Niklaus</item><item type="ort" xml:id="o_T0Y">Scheidler, Karl Hermann #H:*#G: 1795,</item><item type="ort" xml:id="o_U1A">Scheitlin &amp; Zollikofer</item><item type="ort" xml:id="o_U1O">Schenk, Katharina</item><item type="ort" xml:id="o_U1U">Schenk, Peter</item><item type="ort" xml:id="o_U1I">Schenk=Müller, Elisabeth</item><item type="ort" xml:id="o_U1E">Schenk=Salzmann, Barbara</item><item type="ort" xml:id="o_U1Y">Scherz (Schärz) Jakob 1818–89,</item><item type="ort" xml:id="o_U2A">Schetelig, Georg Conrad Wilhelm #H:*#G: 1799,</item><item type="ort" xml:id="o_U2E">Scheuermeister, E. (Frau)</item><item type="ort" xml:id="o_U2O">Scheuermeister, Samuel ^+ 1849,</item><item type="ort" xml:id="o_U2I">Scheuermeister=Lüthard, Karoline</item><item type="ort" xml:id="o_U2Y">Scheurer, Franz Samuel, geb. 1787</item><item type="ort" xml:id="o_U2U">Scheurer, Rudolf</item><item type="ort" xml:id="o_U3A">Schickler, Arthur 1828-1919 und Fernand 1835-1909,</item><item type="ort" xml:id="o_U3E">Schillerslage</item><item type="ort" xml:id="o_U3I">Schindler, Familie</item><item type="ort" xml:id="o_U3O">Schinznach</item><item type="ort" xml:id="o_U4A">Schlesien</item><item type="ort" xml:id="o_U4E">Schliern</item><item type="ort" xml:id="o_U4I">Schloßwil, Wyl</item><item type="ort" xml:id="o_U3U">Schläfli</item><item type="ort" xml:id="o_U3Y">Schläfli, Christian #H:*#G:1813,</item><item type="ort" xml:id="o_U4U">Schmid</item><item type="ort" xml:id="o_U4O">Schmid (Bank)</item><item type="ort" xml:id="o_U4Y">Schmid, A. (Fräulein)</item><item type="ort" xml:id="o_U5A">Schmid, J.</item><item type="ort" xml:id="o_U5E">Schmid, Lili</item><item type="ort" xml:id="o_U5I">Schmidlin</item><item type="ort" xml:id="o_U5O">Schneckenburger, Frau</item><item type="ort" xml:id="o_U5U">Schneeberger, Johann Jakob</item><item type="ort" xml:id="o_U5Y">Schneider (= Bindschneider), David</item><item type="ort" xml:id="o_U6A">Schneider, Martin</item><item type="ort" xml:id="o_U6E">Schnell (Bank)</item><item type="ort" xml:id="o_U6I">Schnell, Brüder</item><item type="ort" xml:id="o_U6O">Schnell, Theodor</item><item type="ort" xml:id="o_U6U">Schnerzenbach (Herzogenbuchsee)</item><item type="ort" xml:id="o_U6Y">Schnetzischachen</item><item type="ort" xml:id="o_U8I">Schopfer, Heinrich</item><item type="ort" xml:id="o_U9I">Schulkommission, Große (Landschulkommission)</item><item type="ort" xml:id="o_U9O">Schulpforta</item><item type="ort" xml:id="o_U9U">Schultheß, Robert</item><item type="ort" xml:id="o_U9Y">Schupposen</item><item type="ort" xml:id="o_U0A">Schwanau</item><item type="ort" xml:id="o_U0E">Schwanden (Glarus)</item><item type="ort" xml:id="o_U0O">Schwarzenbach, Mina #H:*#G:1802,</item><item type="ort" xml:id="o_U0I">Schwarzenbach=Hüni, Jakob</item><item type="ort" xml:id="o_U0U">Schwarzenburg</item><item type="ort" xml:id="o_U0Y">Schwarzmann</item><item type="ort" xml:id="o_V1A">Schweighauser'sche Buchhdlg.</item><item type="ort" xml:id="o_V1E">Schweißberg</item><item type="ort" xml:id="o_V1I">Schwerin, Gräfin</item><item type="ort" xml:id="o_V1O">Schwyz</item><item type="ort" xml:id="o_T7Y">Schäffer, Samuel</item><item type="ort" xml:id="o_T8A">Schärer, E.</item><item type="ort" xml:id="o_T8E">Schärer, Johann #H:*#G:1823,</item><item type="ort" xml:id="o_U7A">Schöftland</item><item type="ort" xml:id="o_U7E">Schön, Rudolf 14. Jhdt.,</item><item type="ort" xml:id="o_U7I">Schönbrunnen</item><item type="ort" xml:id="o_U7O">Schönbühl</item><item type="ort" xml:id="o_U7U">Schönholzer, Christen</item><item type="ort" xml:id="o_U7Y">Schönholzer, Karl</item><item type="ort" xml:id="o_U8A">Schöni, Johann</item><item type="ort" xml:id="o_U8E">Schöning</item><item type="ort" xml:id="o_U8O">Schüpbach i. E.</item><item type="ort" xml:id="o_U8U">Schüpbach, Niklaus</item><item type="ort" xml:id="o_U8Y">Schüpfen</item><item type="ort" xml:id="o_U9A">Schürch, Elisa</item><item type="ort" xml:id="o_U9E">Schütz</item><item type="ort" xml:id="o_V1U">Sebastopol</item><item type="ort" xml:id="o_V1Y">Seeberg</item><item type="ort" xml:id="o_V2A">Seelisberg</item><item type="ort" xml:id="o_V2I">Seiferheld, A.</item><item type="ort" xml:id="o_V2O">Seiler, Johannes ^+ 1846,</item><item type="ort" xml:id="o_V2U">Seiler, Sebastian</item><item type="ort" xml:id="o_V2Y">Selzach</item><item type="ort" xml:id="o_V3A">Semiramis</item><item type="ort" xml:id="o_V3E">Sempach</item><item type="ort" xml:id="o_V3I">Settl auf Maxen</item><item type="ort" xml:id="o_V3U">Siebenbürgen</item><item type="ort" xml:id="o_V3Y">Siegenthaler</item><item type="ort" xml:id="o_V4A">Siegfried, Isaak ^+ 1766,</item><item type="ort" xml:id="o_V4E">Sigismund</item><item type="ort" xml:id="o_V4I">Sigmund von Oesterreich 15. Jhdt.,</item><item type="ort" xml:id="o_V4O">Signau</item><item type="ort" xml:id="o_V4U">Sigriswil</item><item type="ort" xml:id="o_V4Y">Simion, Moses ^+ 1854,</item><item type="ort" xml:id="o_V5A">Simmen, Adolf #H:*#G:1827,</item><item type="ort" xml:id="o_V5E">Simmental, Siebental</item><item type="ort" xml:id="o_V5I">Simon</item><item type="ort" xml:id="o_V5O">Sissach</item><item type="ort" xml:id="o_V5U">Solferino</item><item type="ort" xml:id="o_V5Y">Solger, Henriette</item><item type="ort" xml:id="o_V6A">Soll (Glarus)</item><item type="ort" xml:id="o_V6E">Solon 640–560 v. Chr.,</item><item type="ort" xml:id="o_V6I">Solothurn</item><item type="ort" xml:id="o_V6O">Soltau</item><item type="ort" xml:id="o_V6U">Sommer, Peter</item><item type="ort" xml:id="o_V6Y">Sommer, Ulrich</item><item type="ort" xml:id="o_V7A">Sommerhalder, Friedrich</item><item type="ort" xml:id="o_V7I">Sonnenberg</item><item type="ort" xml:id="o_V7O">Sophokles 497–406 v. Chr.,</item><item type="ort" xml:id="o_V8A">Spandau</item><item type="ort" xml:id="o_V8E">Spanien</item><item type="ort" xml:id="o_V8I">Spichiger, Andreas</item><item type="ort" xml:id="o_V8O">Spiez</item><item type="ort" xml:id="o_V8Y">Spring</item><item type="ort" xml:id="o_V9A">Springer, Elise #H:*#G:1858,</item><item type="ort" xml:id="o_V9E">Springer, Ernst Gotthelf Julius</item><item type="ort" xml:id="o_V9I">Springer, Marie</item><item type="ort" xml:id="o_V9O">Springer, Tony</item><item type="ort" xml:id="o_V7U">Späti</item><item type="ort" xml:id="o_V7Y">Späti (Almosner)</item><item type="ort" xml:id="o_V8U">Spöndli, Carl</item><item type="ort" xml:id="o_V9U">St. Gallen</item><item type="ort" xml:id="o_V9Y">St. Jakob an der Birs</item><item type="ort" xml:id="o_V0A">St. Jmmer</item><item type="ort" xml:id="o_V0E">St. Louisb. Basel</item><item type="ort" xml:id="o_V0I">St. Moritz</item><item type="ort" xml:id="o_V0O">St. Niklaus (Koppigen)</item><item type="ort" xml:id="o_V0U">St. Urban</item><item type="ort" xml:id="o_W1U">Stadlen</item><item type="ort" xml:id="o_W1A">Stadtrat Bern</item><item type="ort" xml:id="o_W1Y">Stans</item><item type="ort" xml:id="o_W2A">Stansstad</item><item type="ort" xml:id="o_W2E">Stapfer, Johann Friedrich</item><item type="ort" xml:id="o_W2I">Stapfer, Johann Friedrich</item><item type="ort" xml:id="o_W2O">Staub</item><item type="ort" xml:id="o_W2U">Staufer, Albrecht</item><item type="ort" xml:id="o_W3A">Stauffacher, Werner 13. Jhdt.,</item><item type="ort" xml:id="o_W2Y">Stauffacher=Herlobig, Margaritha 13. Jhdt.,</item><item type="ort" xml:id="o_W3I">Steck</item><item type="ort" xml:id="o_W3O">Steffen, Jakob</item><item type="ort" xml:id="o_W3U">Steffen, Johann</item><item type="ort" xml:id="o_W3Y">Steffisburg</item><item type="ort" xml:id="o_W4A">Steiermark</item><item type="ort" xml:id="o_W4E">Steiger</item><item type="ort" xml:id="o_W4I">Steiger, Jakob Georg #H:*#G:1813,</item><item type="ort" xml:id="o_W4O">Steiger, Johann #H:*#G:1769,</item><item type="ort" xml:id="o_W4U">Steiger, Johannes</item><item type="ort" xml:id="o_W4Y">Steinegger</item><item type="ort" xml:id="o_W5A">Steinen</item><item type="ort" xml:id="o_W5E">Steiner</item><item type="ort" xml:id="o_W5I">Steiner, Durs</item><item type="ort" xml:id="o_W5O">Steinhude</item><item type="ort" xml:id="o_W5U">Sterchi, Hannes</item><item type="ort" xml:id="o_W5Y">Sterchi, Peter</item><item type="ort" xml:id="o_W6A">Sterchi, Rudolf Ludwig #H:*#G:1828,</item><item type="ort" xml:id="o_W6E">Sterchi, Samuel</item><item type="ort" xml:id="o_W6I">Stettlen</item><item type="ort" xml:id="o_W6O">Stettler, J.</item><item type="ort" xml:id="o_W7A">Stoll, Bernhard</item><item type="ort" xml:id="o_W7E">Stoß</item><item type="ort" xml:id="o_W7I">Stoß</item><item type="ort" xml:id="o_W8A">Straub</item><item type="ort" xml:id="o_W7U">Straßburg</item><item type="ort" xml:id="o_W7Y">Straßer</item><item type="ort" xml:id="o_W8E">Strengelbach</item><item type="ort" xml:id="o_W8I">Strobel, Berchtold 14. Jhdt.,</item><item type="ort" xml:id="o_W8O">Stucker, Johannes #H:*#G:1819,</item><item type="ort" xml:id="o_W8U">Stucki, Johann</item><item type="ort" xml:id="o_W9A">Studer, Albert</item><item type="ort" xml:id="o_W9E">Studer, C.</item><item type="ort" xml:id="o_W9O">Studer, Samuel #H:*#G:1792,</item><item type="ort" xml:id="o_W9I">Studer=Leuw, Elisabeth #H:*#G:1759,</item><item type="ort" xml:id="o_W8Y">Studer=Osterrieth, Familie</item><item type="ort" xml:id="o_W0E">Stuhr'sche Buchhandlung</item><item type="ort" xml:id="o_W0I">Stuttgart</item><item type="ort" xml:id="o_W1E">Stähli, Luise</item><item type="ort" xml:id="o_W1I">Stähli, Susanna Sophie</item><item type="ort" xml:id="o_W1O">Ständerat</item><item type="ort" xml:id="o_W9Y">Stüßi</item><item type="ort" xml:id="o_W0A">Stüßi, Rudolf ^+ 1443,</item><item type="ort" xml:id="o_W0O">Subigen</item><item type="ort" xml:id="o_W0U">Suhr</item><item type="ort" xml:id="o_W0Y">Sulser, A. F.</item><item type="ort" xml:id="o_X1A">Sulzberger, Johann Jakob 1802-1855</item><item type="ort" xml:id="o_X1E">Sumiswald</item><item type="ort" xml:id="o_X1I">Sumiswald, Armenanstalt</item><item type="ort" xml:id="o_X1O">Suri (?)</item><item type="ort" xml:id="o_X1U">Suri, Eduard</item><item type="ort" xml:id="o_X1Y">Sursee</item><item type="ort" xml:id="o_X2A">Suter, Carl</item><item type="ort" xml:id="o_T5U">Sächsische Schweiz</item><item type="ort" xml:id="o_X2I">Tannen</item><item type="ort" xml:id="o_X2O">Tanner</item><item type="ort" xml:id="o_X2U">Tannerboden</item><item type="ort" xml:id="o_X2Y">Teiling (Theiling), Frischhans ^+ 1487,</item><item type="ort" xml:id="o_X3E">Tell, Walter</item><item type="ort" xml:id="o_X3I">Tell, Wilhelm 13. Jhdt.,</item><item type="ort" xml:id="o_X3O">Tell, Wilhelm jr.</item><item type="ort" xml:id="o_X3A">Tell=Fürst, Elisabeth (Betli)</item><item type="ort" xml:id="o_X3U">Temesvar</item><item type="ort" xml:id="o_X3Y">Tessin</item><item type="ort" xml:id="o_X4A">Teuscher, Samuel #H:*#G:1823,</item><item type="ort" xml:id="o_X4E">Theiler, Jakob #H:*#G:1814,</item><item type="ort" xml:id="o_X4I">Thierstein, Grafen von, 14. Jhdt.,</item><item type="ort" xml:id="o_X4U">Thomas von Aquin 1225–74,</item><item type="ort" xml:id="o_X4Y">Thomas von Kempen 1379–1471,</item><item type="ort" xml:id="o_X5A">Thomas, Familie</item><item type="ort" xml:id="o_X5E">Thomi, Jakob #H:*#G:1810,</item><item type="ort" xml:id="o_X5I">Thorberg</item><item type="ort" xml:id="o_X6A">Thun</item><item type="ort" xml:id="o_X6E">Thurgau</item><item type="ort" xml:id="o_X6I">Thuriet, Ch.</item><item type="ort" xml:id="o_X6U">Thusis</item><item type="ort" xml:id="o_X6Y">Thut, Niklaus ^+ 1386,</item><item type="ort" xml:id="o_X4O">Thörigen</item><item type="ort" xml:id="o_X7E">Tizian ^+ 1576,</item><item type="ort" xml:id="o_X7I">Toggenburg</item><item type="ort" xml:id="o_X7U">Trachselwald</item><item type="ort" xml:id="o_X7Y">Trachselwald, Armenerziehungsanstalt s. auch
                            Sumiswald</item><item type="ort" xml:id="o_X8A">Tramelan</item><item type="ort" xml:id="o_X8E">Treib</item><item type="ort" xml:id="o_X8I">Trenton</item><item type="ort" xml:id="o_X8O">Trub</item><item type="ort" xml:id="o_X8U">Trubschachen</item><item type="ort" xml:id="o_X8Y">Tscharner, Marie</item><item type="ort" xml:id="o_X9I">Tschech, Heinrich Ludwig</item><item type="ort" xml:id="o_X9Y">Tunis</item><item type="ort" xml:id="o_X0A">Twann</item><item type="ort" xml:id="o_X9O">Tübingen</item><item type="ort" xml:id="o_X9U">Türkei</item><item type="ort" xml:id="o_X0E">Uetigen (nicht Uetligen)</item><item type="ort" xml:id="o_X0I">Uhlmann</item><item type="ort" xml:id="o_X0O">Ungarn</item><item type="ort" xml:id="o_X0U">Unterseen</item><item type="ort" xml:id="o_X0Y">Unterwalden</item><item type="ort" xml:id="o_Y1A">Urben, Johann</item><item type="ort" xml:id="o_Y1E">Uri</item><item type="ort" xml:id="o_Y1I">Urispiegel</item><item type="ort" xml:id="o_Y1O">Ursenbach b. Huttwil</item><item type="ort" xml:id="o_Y1U">Urtenen</item><item type="ort" xml:id="o_Y1Y">Uster</item><item type="ort" xml:id="o_Y2A">Utzenstorf</item><item type="ort" xml:id="o_Y2E">Utzigen</item><item type="ort" xml:id="o_Y2I">Val de Ruz</item><item type="ort" xml:id="o_Y2O">Vechigen</item><item type="ort" xml:id="o_Y2U">Venedig</item><item type="ort" xml:id="o_Y3A">Verfassungsrat (Bern)</item><item type="ort" xml:id="o_Y3E">Vernon, Lord</item><item type="ort" xml:id="o_Y3I">Versailles</item><item type="ort" xml:id="o_Y3O">Vevey (deutsch Vivis)</item><item type="ort" xml:id="o_Y3U">Vial, Antoinette</item><item type="ort" xml:id="o_Y3Y">Viktoria 1819–1901,</item><item type="ort" xml:id="o_Y4A">Vilensbach, heute Filzbach</item><item type="ort" xml:id="o_Y4E">Vilmergen, Villmergen</item><item type="ort" xml:id="o_Y4I">Virgil 70 v. Chr.–19 n. Chr.,</item><item type="ort" xml:id="o_Y4O">Vitellus 1. Jhdt.,</item><item type="ort" xml:id="o_Y5A">Vogel</item><item type="ort" xml:id="o_Y5E">Vogel, A.</item><item type="ort" xml:id="o_Y5I">Vogelsang, L.</item><item type="ort" xml:id="o_Y5O">Volz, A.</item><item type="ort" xml:id="o_Y4U">Vögeli</item><item type="ort" xml:id="o_Y4Y">Vögelinsegg</item><item type="ort" xml:id="o_Y5U">Waadt</item><item type="ort" xml:id="o_Y5Y">Wabern</item><item type="ort" xml:id="o_Y6A">Wackerbold, Rudolf 13. Jhdt.,</item><item type="ort" xml:id="o_Y6E">Wackernagel=Sarasin, Maria Salomea</item><item type="ort" xml:id="o_Y6Y">Wagner'sche Buchhandlung, Bern</item><item type="ort" xml:id="o_Y7A">Wagner'sche Buchhandlung, Freiburg i. Br.</item><item type="ort" xml:id="o_Y7I">Waldenburg</item><item type="ort" xml:id="o_Y7O">Waldhaus (Lützelflüh)</item><item type="ort" xml:id="o_Y7U">Walkringen</item><item type="ort" xml:id="o_Y7Y">Wallerstein, J.</item><item type="ort" xml:id="o_Y8A">Wallis</item><item type="ort" xml:id="o_Y8E">Walliswil</item><item type="ort" xml:id="o_Y8I">Walperswil</item><item type="ort" xml:id="o_Y8O">Walterswil</item><item type="ort" xml:id="o_Y8U">Walthard (Gottlieb?)</item><item type="ort" xml:id="o_Y8Y">Walthard, Beat Ludwig #H:*#G:1743,</item><item type="ort" xml:id="o_Y9A">Walthard, Bernhard</item><item type="ort" xml:id="o_Y9E">Waltrigen</item><item type="ort" xml:id="o_Y9I">Wangen a. d. Aare</item><item type="ort" xml:id="o_Y9O">Wangenmüller, Max</item><item type="ort" xml:id="o_Y9U">Wankdorf</item><item type="ort" xml:id="o_Y9Y">Wanzwil</item><item type="ort" xml:id="o_Y0A">Warschau</item><item type="ort" xml:id="o_Y0E">Wartburg (SO oder AG)</item><item type="ort" xml:id="o_Y0I">Wasen i. E.</item><item type="ort" xml:id="o_Y0O">Waterloo</item><item type="ort" xml:id="o_Y0Y">Weber</item><item type="ort" xml:id="o_Z1A">Weber, Jakob</item><item type="ort" xml:id="o_Z1E">Weber, Johann ^+ 1876,</item><item type="ort" xml:id="o_Z1I">Weesen</item><item type="ort" xml:id="o_Z1O">Wegmüller, Christen</item><item type="ort" xml:id="o_Z1U">Wehrlischule</item><item type="ort" xml:id="o_Z1Y">Weigel, O. J.</item><item type="ort" xml:id="o_Z2A">Weihmüller, Friedrich #H:*#G:1805,</item><item type="ort" xml:id="o_Z2E">Weil am Rhein (Wyl)</item><item type="ort" xml:id="o_Z2I">Weil, Simon #H:*#G:1811,</item><item type="ort" xml:id="o_Z2O">Weimar</item><item type="ort" xml:id="o_Z3A">Weitbrecht</item><item type="ort" xml:id="o_Z2U">Weißenburg</item><item type="ort" xml:id="o_Z2Y">Weißenfels</item><item type="ort" xml:id="o_Z3E">Welle</item><item type="ort" xml:id="o_Z3I">Wendschatz, Peter 14. Jhdt.,</item><item type="ort" xml:id="o_Z3O">Wenger, Christian #H:*#G:1812,</item><item type="ort" xml:id="o_Z3Y">Wermuth, Maria Juliana 1692–1754</item><item type="ort" xml:id="o_Z4A">Werner, Johann</item><item type="ort" xml:id="o_Z4E">Wernigerode</item><item type="ort" xml:id="o_Z4O">Wettingen</item><item type="ort" xml:id="o_Z4U">Widmer=Zurbrugg, Marianne</item><item type="ort" xml:id="o_Z4Y">Wiedlisbach</item><item type="ort" xml:id="o_Z5A">Wiedmer, Jakob</item><item type="ort" xml:id="o_Z5E">Wiedmer, Michael</item><item type="ort" xml:id="o_Z5I">Wien</item><item type="ort" xml:id="o_Z5O">Wiesbaden</item><item type="ort" xml:id="o_Z5U">Wigand=Heckenast, Karoline</item><item type="ort" xml:id="o_Z6A">Wilhelm I. von Württemberg 1781–1864,</item><item type="ort" xml:id="o_Z5Y">Wilhelm IV. von Großbritannien u. Hannover
                            1765–1835,</item><item type="ort" xml:id="o_Z6E">Wilhelm, Johann</item><item type="ort" xml:id="o_Z6I">Willisau</item><item type="ort" xml:id="o_Z6O">Wilna</item><item type="ort" xml:id="o_Z6U">Wilton, Katrine</item><item type="ort" xml:id="o_Z6Y">Wimmis</item><item type="ort" xml:id="o_Z7A">Windisch, Vindonissa</item><item type="ort" xml:id="o_Z7E">Winisdorf</item><item type="ort" xml:id="o_Z7I">Winkelried</item><item type="ort" xml:id="o_Z7O">Winkler=Barth, Rosalie</item><item type="ort" xml:id="o_Z7U">Winterberger, Familie</item><item type="ort" xml:id="o_Z7Y">Winterthur</item><item type="ort" xml:id="o_Z8A">Wirt, Ulrich</item><item type="ort" xml:id="o_Z8O">Wistelach (spottweise Mistelach, französisch Mont
                            Vully)</item><item type="ort" xml:id="o_Z8U">Wittenberg</item><item type="ort" xml:id="o_Z8Y">Witz, Peter #H:*#G:1766,</item><item type="ort" xml:id="o_Z9A">Witzenhausen a. d. Werra</item><item type="ort" xml:id="o_Z8E">Wißler, Friedrich</item><item type="ort" xml:id="o_Z8I">Wißler, Isaak</item><item type="ort" xml:id="o_Z9E">Wohlen b. Bern</item><item type="ort" xml:id="o_Z9I">Wolfenschießen</item><item type="ort" xml:id="o_Z9O">Wolff, B.</item><item type="ort" xml:id="o_Z9U">Wolhusen</item><item type="ort" xml:id="o_Z9Y">Worb</item><item type="ort" xml:id="o_Z0U">Wunsdorf, Wunstorf</item><item type="ort" xml:id="o_Z0Y">Wyler</item><item type="ort" xml:id="o_A1A">Wymann, Katharina</item><item type="ort" xml:id="o_A1E">Wymann, Verena #H:*#G:1766,</item><item type="ort" xml:id="o_A1I">Wynau</item><item type="ort" xml:id="o_A1O">Wynigen</item><item type="ort" xml:id="o_A2U">Wyttenbach</item><item type="ort" xml:id="o_A2Y">Wyttenbach, Carl Emanuel</item><item type="ort" xml:id="o_A3A">Wyttenbach, Johann</item><item type="ort" xml:id="o_A3E">Wyttenbach, Stephan Friedrich</item><item type="ort" xml:id="o_A1U">Wyß</item><item type="ort" xml:id="o_A1Y">Wyß, Johann</item><item type="ort" xml:id="o_A2A">Wyß=Hunziker, Julie #H:*#G:1794,</item><item type="ort" xml:id="o_A2E">Wyß=Ulrich, Louise #H:*#G:1811,</item><item type="ort" xml:id="o_A2I">Wyßachgraben</item><item type="ort" xml:id="o_A2O">Wyßmann</item><item type="ort" xml:id="o_Y6I">Wäber, Adolf</item><item type="ort" xml:id="o_Y6O">Wälti, Jakob #H:*#G:1822,</item><item type="ort" xml:id="o_Y6U">Wälti, Johann Ulrich</item><item type="ort" xml:id="o_Z0A">Wülflingen</item><item type="ort" xml:id="o_Z0E">Wünneberg</item><item type="ort" xml:id="o_Z0I">Württemberg</item><item type="ort" xml:id="o_Z0O">Würzbrunnen</item><item type="ort" xml:id="o_A3I">Xaxa</item><item type="ort" xml:id="o_A3O">Yvorne</item><item type="ort" xml:id="o_A3Y">Zahn, Meta</item><item type="ort" xml:id="o_A4A">Zar</item><item type="ort" xml:id="o_A4E">Zeender=Fasnacht, Marianne ^+ 1807,</item><item type="ort" xml:id="o_A4I">Zeerleder, Friedrich</item><item type="ort" xml:id="o_A4O">Zehnder, Samuel</item><item type="ort" xml:id="o_A4U">Zell</item><item type="ort" xml:id="o_A4Y">Zeller, Johann #H:*#G:1792,</item><item type="ort" xml:id="o_A5A">Zielebach, Ziehlibach</item><item type="ort" xml:id="o_A5E">Zimmerberg</item><item type="ort" xml:id="o_A5I">Zimmezei</item><item type="ort" xml:id="o_A5O">Zingg, Jakob</item><item type="ort" xml:id="o_A5U">Zobrist, Elisabeth #H:*#G:1834,</item><item type="ort" xml:id="o_A5Y">Zofingen</item><item type="ort" xml:id="o_A6A">Zorndorf</item><item type="ort" xml:id="o_A6U">Zug</item><item type="ort" xml:id="o_A6Y">Zurzach</item><item type="ort" xml:id="o_A7A">Zyndel</item><item type="ort" xml:id="o_A3U">Zäziwil</item><item type="ort" xml:id="o_A6E">Zürcher</item><item type="ort" xml:id="o_A6I">Zürcher</item><item type="ort" xml:id="o_A6O">Zürich</item><item type="ort" xml:id="o_B1O">v. Arx</item><item type="ort" xml:id="o_B8O">v. Beaufort, Herzogin</item><item type="ort" xml:id="o_C1O">v. Beroldingen</item><item type="ort" xml:id="o_C8O">v. Bolligen, Effo</item><item type="ort" xml:id="o_C9E">v. Bonstetten, Hans ^+ 1384,</item><item type="ort" xml:id="o_D1E">v. Brassier, Josef</item><item type="ort" xml:id="o_D5E">v. Bubenberg, Familie</item><item type="ort" xml:id="o_D5I">v. Bubenberg, Johann</item><item type="ort" xml:id="o_D5O">v. Bubenberg, Ulrich</item><item type="ort" xml:id="o_D6E">v. Buchbrok</item><item type="ort" xml:id="o_D9A">v. Burgistein, Jordan</item><item type="ort" xml:id="o_F4Y">v. Effinger, Carl Albrecht ^+ 1860,</item><item type="ort" xml:id="o_F4U">v. Effinger, Frau</item><item type="ort" xml:id="o_F5E">v. Effinger=Ryhiner, Rosina Elisab. ^+ 1837,</item><item type="ort" xml:id="o_F5A">v. Effinger=v. Mülinen, Rosina Carolina ^+ 1817,</item><item type="ort" xml:id="o_F6I">v. Ehrenstein=v. Ükermann, Sophie</item><item type="ort" xml:id="o_F0A">v. Erlach zu Jegenstorf, Herren</item><item type="ort" xml:id="o_F0E">v. Erlach, Eberhard 14. Jhdt.,</item><item type="ort" xml:id="o_F0I">v. Erlach, Margaretha, Geborene Willading 14.
                            Jhdt.,</item><item type="ort" xml:id="o_F0O">v. Erlach, Rudolf ^+ 1360,</item><item type="ort" xml:id="o_G3E">v. Fellenberg, Friedrich Rudolf 1800-1834,</item><item type="ort" xml:id="o_G3I">v. Fellenberg, Wilhelm Tell 1798-1880,</item><item type="ort" xml:id="o_H5I">v. Geymüller</item><item type="ort" xml:id="o_H7O">v. Goumoëns, Frédéric de, 1763-1843 (Räggi)</item><item type="ort" xml:id="o_H8U">v. Graffenried, Familie</item><item type="ort" xml:id="o_H8Y">v. Graffenried, Frl.</item><item type="ort" xml:id="o_H9E">v. Graffenried, Julie</item><item type="ort" xml:id="o_H9I">v. Graffenried, Karl Albrecht 1797-1844</item><item type="ort" xml:id="o_H9O">v. Graffenried, Karl Ludwig</item><item type="ort" xml:id="o_H9A">v. Graffenried, Rosina Sophie Caroline #H:*#G:1805,</item><item type="ort" xml:id="o_H9U">v. Graffenried=v. Stürler, Margaretha #H:*#G:1787,</item><item type="ort" xml:id="o_H0Y">v. Greyerz, Grafen</item><item type="ort" xml:id="o_I4Y">v. Gunten</item><item type="ort" xml:id="o_J3A">v. Hering, Johanna (Pseudonym: Olga Eschenbach),
                            1821–^+1880</item><item type="ort" xml:id="o_J4I">v. Hertenstein, Kaspar ^+ 1486</item><item type="ort" xml:id="o_J5I">v. Heyking, A. (nicht Ableyking)</item><item type="ort" xml:id="o_J8I">v. Hohenlohe, Fürst</item><item type="ort" xml:id="o_K3U">v. Kaisersfeld, Maximilian Freiherr von +1849,</item><item type="ort" xml:id="o_L5O">v. Krauchthal, Martha</item><item type="ort" xml:id="o_N2A">v. Lohe, Freiherr</item><item type="ort" xml:id="o_N7O">v. Luternau (Frau),</item><item type="ort" xml:id="o_N0E">v. Mandach zur Platte</item><item type="ort" xml:id="o_O4U">v. May, Albrecht Friedrich 1773-1853,</item><item type="ort" xml:id="o_O4Y">v. May, Constance</item><item type="ort" xml:id="o_O4O">v. May, Familien</item><item type="ort" xml:id="o_O5A">v. May, Friedrich</item><item type="ort" xml:id="o_O5E">v. May, Karl Rudolf Friedrich 1768-1846,</item><item type="ort" xml:id="o_O5I">v. May=v. Graffenried, Maria</item><item type="ort" xml:id="o_P1A">v. Mirus</item><item type="ort" xml:id="o_P1U">v. Montfort, Heinrich ^+ 1272,</item><item type="ort" xml:id="o_P7Y">v. Mutach, Arnold Rudolf Ludwig 1801–54 (Ludi),</item><item type="ort" xml:id="o_Q1Y">v. Nidau, Graf Rudolf III. +1339</item><item type="ort" xml:id="o_Q6O">v. Olfers, Graf</item><item type="ort" xml:id="o_R5Y">v. Preußen, Luise</item><item type="ort" xml:id="o_S1A">v. Reiche</item><item type="ort" xml:id="o_S2U">v. Reuß=Greiz=Lobenstein, Fürst</item><item type="ort" xml:id="o_S6E">v. Rodenstein, Ritter</item><item type="ort" xml:id="o_S7U">v. Roll Eisenwerke</item><item type="ort" xml:id="o_S0I">v. Rudenz, Jost 14. Jhdt.,</item><item type="ort" xml:id="o_T3A">v. Rütte, Eduard #H:*#G:1829,</item><item type="ort" xml:id="o_T5O">v. Sachsen=Weimar, Maria Pawlowna ^+ 1859,</item><item type="ort" xml:id="o_T7I">v. Sax, Freiherr 14. Jhdt.,</item><item type="ort" xml:id="o_T9E">v. Scharnachthal, Ritter</item><item type="ort" xml:id="o_V2E">v. Seftigen. Ludwig ^+ 1408,</item><item type="ort" xml:id="o_V3O">v. Severin</item><item type="ort" xml:id="o_V7E">v. Sommerlatt, Christian Vollrath</item><item type="ort" xml:id="o_V0Y">v. Stadion, Walter 14. Jhdt.,</item><item type="ort" xml:id="o_W3E">v. Staupitz, Johann ^+ 1524,</item><item type="ort" xml:id="o_W6U">v. Stettler</item><item type="ort" xml:id="o_W6Y">v. Stoffeln, Hans</item><item type="ort" xml:id="o_W7O">v. Straßberg, 14. Jhdt.,</item><item type="ort" xml:id="o_W9U">v. Stürler, Johann Rudolf 1771-1861,</item><item type="ort" xml:id="o_X2E">v. Taingen (Thayngen?) (Herr)</item><item type="ort" xml:id="o_X5O">v. Thorberg, Adelgunde 14. Jhdt.,</item><item type="ort" xml:id="o_X5U">v. Thorberg, Cuno 14. Jhdt.,</item><item type="ort" xml:id="o_X5Y">v. Thorberg, Petermann 14. Jhdt.,</item><item type="ort" xml:id="o_X7A">v. Tillier, Johann Anton ^+ 1562,</item><item type="ort" xml:id="o_X7O">v. Toggenburg, Friedrich 14. Jhdt.,</item><item type="ort" xml:id="o_X9E">v. Tscharner</item><item type="ort" xml:id="o_X9A">v. Tscharner, Familie</item><item type="ort" xml:id="o_Y0U">v. Wattenwyl, Familie</item><item type="ort" xml:id="o_Z3U">v. Werdenberg, Hans 14. Jhdt.,</item><item type="ort" xml:id="o_Z4I">v. Wesel, Johann Ruchrat ^+ 1479,</item><item type="ort" xml:id="o_X6O">vom Thurm, Anton 14. Jhdt.,</item><item type="ort" xml:id="o_Q5O">Öhler</item><item type="ort" xml:id="o_Q5U">Önz</item><item type="ort" xml:id="o_Q6E">Österreich</item></list>